,ID,y
0,1,96.6491622925
1,2,113.68989563
2,3,96.8904800415
3,4,78.6304397583
4,5,111.69519043
5,8,92.1644210815
6,10,111.150131226
7,11,93.4844360352
8,12,115.326828003
9,14,92.430557251
10,15,114.981971741
11,16,103.329063416
12,17,94.3142623901
13,19,93.7944717407
14,20,104.499908447
15,21,93.1828308105
16,22,115.461006165
17,23,94.4557189941
18,26,95.141204834
19,28,96.0079574585
20,29,94.4557189941
21,33,94.4557189941
22,35,94.4960403442
23,41,94.3142623901
24,42,95.0941696167
25,43,116.181533813
26,45,103.102111816
27,46,104.411636353
28,51,94.5627365112
29,53,83.6590042114
30,55,113.732131958
31,56,93.8448257446
32,57,103.222175598
33,58,94.9865493774
34,59,104.19985199
35,63,112.454811096
36,64,94.1588134766
37,65,104.227378845
38,69,95.1093597412
39,71,96.0630569458
40,72,104.256095886
41,73,93.7385025024
42,76,106.982643127
43,77,104.384346008
44,78,114.548927307
45,82,94.3730392456
46,83,104.227378845
47,84,94.8543930054
48,85,103.625511169
49,87,112.477684021
50,88,94.3142623901
51,89,113.561660767
52,91,94.1308441162
53,93,95.0969848633
54,94,102.808990479
55,95,94.8120574951
56,96,111.323684692
57,97,94.0704421997
58,98,113.358383179
59,99,94.075012207
60,101,104.945877075
61,103,113.561660767
62,104,94.0792694092
63,105,112.06401062
64,110,94.8277206421
65,111,112.777732849
66,113,114.554321289
67,114,94.3663024902
68,115,112.041137695
69,117,113.561660767
70,120,93.9596176147
71,121,113.407402039
72,122,95.2479324341
73,123,113.91204071
74,126,113.881919861
75,132,111.941696167
76,135,104.877006531
77,137,104.938331604
78,138,94.2045211792
79,140,93.8048171997
80,142,111.816421509
81,144,112.929214478
82,148,93.6569137573
83,149,113.130264282
84,155,94.7412414551
85,156,112.50365448
86,157,94.0704421997
87,162,114.75655365
88,163,94.9865493774
89,167,93.5941085815
90,172,116.181533813
91,179,115.626312256
92,180,95.5758514404
93,181,111.972679138
94,182,94.873916626
95,183,113.561660767
96,185,113.561660767
97,187,112.418159485
98,188,94.3730392456
99,189,94.5721588135
100,191,93.5514831543
101,192,111.656661987
102,193,93.9965820312
103,194,111.972679138
104,195,93.8411178589
105,196,113.475456238
106,198,95.7738189697
107,199,112.874794006
108,201,104.499908447
109,204,94.1414489746
110,205,103.329063416
111,206,95.1063766479
112,210,93.4419708252
113,211,104.945877075
114,216,112.765762329
115,219,115.326828003
116,220,93.5916061401
117,221,111.492294312
118,226,111.972679138
119,227,94.267791748
120,228,112.874794006
121,230,112.895263672
122,231,94.0704421997
123,235,115.461006165
124,236,93.6231536865
125,238,112.615249634
126,242,103.486251831
127,243,94.1308441162
128,244,78.6723861694
129,245,111.37071228
130,247,115.731338501
131,248,94.8709259033
132,249,94.9644927979
133,250,113.054122925
134,251,93.6231536865
135,253,115.461006165
136,254,94.2847290039
137,256,94.4443435669
138,257,93.240272522
139,258,115.125984192
140,259,94.115020752
141,262,79.1176986694
142,266,93.6823806763
143,267,112.761817932
144,272,103.732528687
145,273,113.561660767
146,275,95.0219421387
147,276,110.136611938
148,279,94.9915313721
149,280,104.227378845
150,283,93.4716186523
151,285,112.874794006
152,288,113.561660767
153,289,94.6042098999
154,290,104.499908447
155,291,93.7494049072
156,292,111.630256653
157,293,111.925827026
158,296,94.0255813599
159,297,113.199012756
160,298,114.548927307
161,299,94.3730392456
162,304,93.5722961426
163,305,78.2944030762
164,306,93.625831604
165,307,111.972679138
166,311,109.569023132
167,313,111.972679138
168,314,94.0557174683
169,316,93.6960601807
170,324,93.4839630127
171,327,94.0476303101
172,329,93.439704895
173,330,111.972679138
174,337,105.519172668
175,338,94.5509109497
176,339,103.63961792
177,340,93.8773880005
178,343,94.0546722412
179,345,114.981971741
180,346,95.387550354
181,347,112.674575806
182,349,112.079208374
183,350,93.8049697876
184,352,113.847969055
185,353,92.963973999
186,354,79.1523895264
187,357,94.392250061
188,358,112.886886597
189,362,112.039733887
190,364,114.56640625
191,365,105.052978516
192,366,94.3138427734
193,367,112.954750061
194,368,94.2620010376
195,370,79.7004852295
196,373,94.7238693237
197,377,94.1330337524
198,378,112.008880615
199,382,106.982643127
200,384,112.874794006
201,390,94.8120574951
202,392,114.33014679
203,393,112.532142639
204,395,94.7036209106
205,396,104.449996948
206,399,78.8774795532
207,406,111.972679138
208,408,111.972679138
209,409,94.3614501953
210,410,78.822265625
211,412,113.966018677
212,413,92.9388198853
213,419,94.6459350586
214,420,112.411155701
215,421,93.7441558838
216,430,105.465026855
217,434,94.3828277588
218,436,93.974281311
219,437,93.8143615723
220,438,94.0983428955
221,439,112.615249634
222,440,94.115852356
223,443,112.80947876
224,446,94.1414489746
225,448,94.3087005615
226,452,94.0219421387
227,453,104.312431335
228,457,103.502792358
229,458,94.3828277588
230,459,112.901306152
231,460,103.640953064
232,462,105.596038818
233,464,104.458572388
234,465,115.326828003
235,467,116.736412048
236,471,114.093490601
237,472,78.9013671875
238,473,99.0411529541
239,475,94.1320266724
240,480,94.4877624512
241,488,111.853210449
242,490,111.972679138
243,491,104.922813416
244,492,79.3273544312
245,493,94.6078414917
246,497,93.8486633301
247,498,112.838356018
248,499,94.5657806396
249,500,104.411636353
250,501,94.3828277588
251,502,116.592849731
252,506,83.0605697632
253,510,111.541145325
254,511,93.2643280029
255,512,93.439704895
256,516,94.361366272
257,518,94.1815414429
258,519,112.697639465
259,521,93.9626312256
260,522,115.419311523
261,526,112.840942383
262,529,94.0998306274
263,532,112.784881592
264,533,94.392250061
265,536,113.300643921
266,537,104.071083069
267,539,94.9195556641
268,540,104.945877075
269,541,93.895072937
270,543,94.5721588135
271,546,113.201408386
272,547,93.6000900269
273,548,79.0746383667
274,551,93.6194458008
275,552,104.062469482
276,556,103.148643494
277,557,95.1968383789
278,558,112.954750061
279,559,94.35496521
280,560,104.176521301
281,562,103.329063416
282,566,94.3695755005
283,570,112.838356018
284,571,93.8143615723
285,572,104.227378845
286,573,94.3730392456
287,575,115.326828003
288,576,113.044799805
289,577,94.8314819336
290,579,93.8993988037
291,580,112.752159119
292,581,111.941696167
293,589,111.972679138
294,591,103.237564087
295,593,93.4685897827
296,594,104.787849426
297,595,94.765586853
298,598,93.6194458008
299,602,111.649642944
300,604,113.484596252
301,606,110.335990906
302,608,93.3901901245
303,609,104.945877075
304,610,94.5227279663
305,616,112.080001831
306,617,95.0060043335
307,618,102.829902649
308,620,104.621734619
309,622,112.781578064
310,623,92.4144439697
311,624,148.180221558
312,626,113.040184021
313,628,113.010292053
314,629,94.678855896
315,630,112.895263672
316,637,94.2452774048
317,638,104.761634827
318,643,95.6952438354
319,645,94.4877624512
320,646,114.313705444
321,648,95.8843002319
322,652,94.2727966309
323,653,93.8143615723
324,654,112.838356018
325,656,113.358016968
326,657,95.3598556519
327,659,94.8856735229
328,660,103.190055847
329,663,93.6298980713
330,664,113.301261902
331,666,103.053657532
332,668,111.845947266
333,669,94.0158081055
334,671,94.7881774902
335,675,94.9057846069
336,677,93.5485687256
337,678,111.340248108
338,679,102.469665527
339,682,94.4367752075
340,685,103.172164917
341,687,94.3773345947
342,688,94.1623001099
343,693,112.866004944
344,696,93.8655548096
345,698,93.9863510132
346,701,96.6959228516
347,704,102.774360657
348,705,115.517906189
349,709,113.386734009
350,710,94.3100280762
351,711,103.62550354
352,712,94.5241851807
353,714,113.201210022
354,715,94.8270721436
355,716,112.114135742
356,717,95.1424179077
357,720,115.123428345
358,721,93.631477356
359,724,102.923614502
360,725,94.0224456787
361,726,112.597549438
362,728,112.106803894
363,731,93.5624465942
364,734,104.197433472
365,738,95.1424179077
366,745,110.247245789
367,746,93.6728515625
368,751,79.7253875732
369,754,94.2877044678
370,756,94.1256256104
371,758,94.6541519165
372,759,112.532684326
373,761,115.885856628
374,766,94.8634109497
375,767,112.437889099
376,768,92.4954299927
377,769,112.98425293
378,770,95.1303939819
379,771,79.4688110352
380,772,105.486557007
381,773,93.6994400024
382,774,111.998558044
383,776,112.954788208
384,777,95.0567398071
385,780,116.4425354
386,782,105.025871277
387,787,103.433433533
388,788,94.9995498657
389,792,92.4971847534
390,793,114.811454773
391,798,96.0539855957
392,800,94.1922149658
393,806,112.114135742
394,809,112.977851868
395,811,112.897216797
396,812,92.7354278564
397,814,115.468284607
398,816,102.081092834
399,817,94.4349594116
400,818,108.564659119
401,820,110.879051208
402,823,94.4628219604
403,829,93.9507980347
404,830,113.312149048
405,831,92.817741394
406,834,111.652366638
407,839,94.2831497192
408,841,79.7489242554
409,844,105.025871277
410,845,94.6427307129
411,848,93.7137527466
412,850,100.088226318
413,851,104.04447937
414,852,93.5455627441
415,854,93.6191864014
416,855,95.595741272
417,856,101.346321106
418,859,104.104660034
419,861,111.998558044
420,864,93.8945846558
421,865,111.906066895
422,866,93.0798873901
423,867,93.9174041748
424,869,95.2161254883
425,871,92.156829834
426,872,112.114135742
427,882,102.21875
428,883,94.4628219604
429,885,94.6764450073
430,888,94.1276245117
431,893,112.114135742
432,901,111.42024231
433,903,105.002807617
434,904,94.9567489624
435,905,103.949310303
436,910,94.6692276001
437,911,110.719345093
438,914,113.11856842
439,918,112.339866638
440,921,92.5692138672
441,928,94.6521530151
442,929,104.109786987
443,932,95.1277160645
444,933,102.16267395
445,934,94.6692276001
446,935,113.070884705
447,937,78.4468002319
448,939,94.6340408325
449,940,103.426521301
450,941,94.7492980957
451,942,103.360160828
452,943,94.1999893188
453,944,103.380996704
454,947,112.114135742
455,949,112.451286316
456,951,111.012626648
457,952,94.3887786865
458,953,105.002807617
459,954,78.4670639038
460,957,112.954788208
461,959,92.8668441772
462,960,113.518363953
463,963,115.468284607
464,965,112.114135742
465,967,102.379516602
466,971,94.9846954346
467,972,78.9173355103
468,973,94.2486953735
469,974,112.954788208
470,975,94.2823867798
471,978,119.415618896
472,980,113.408508301
473,981,94.8013534546
474,984,113.380638123
475,986,94.6692276001
476,988,92.4954299927
477,989,112.402664185
478,990,105.221755981
479,992,111.42024231
480,996,93.9158096313
481,999,113.938850403
482,1000,93.7963027954
483,1001,111.906066895
484,1002,92.6103210449
485,1003,112.954788208
486,1004,93.8856124878
487,1008,111.903869629
488,1009,93.6564712524
489,1010,107.806365967
490,1012,112.546463013
491,1013,95.0289077759
492,1014,112.229492188
493,1015,93.8577728271
494,1016,115.468284607
495,1019,93.8577728271
496,1020,113.351631165
497,1021,94.6692276001
498,1022,102.575401306
499,1024,94.6692276001
500,1025,79.2617645264
501,1027,95.2532043457
502,1028,105.183494568
503,1029,94.678817749
504,1030,92.3095550537
505,1033,112.954788208
506,1036,94.9109039307
507,1037,111.694618225
508,1038,93.2154006958
509,1042,94.6340408325
510,1043,103.931663513
511,1044,94.3531341553
512,1045,111.945228577
513,1047,113.027404785
514,1050,94.6521530151
515,1051,112.114135742
516,1054,94.4628219604
517,1056,94.8013534546
518,1057,94.4628219604
519,1059,94.4144515991
520,1062,106.603507996
521,1063,102.867889404
522,1064,94.8013534546
523,1066,93.5150604248
524,1070,104.467376709
525,1076,111.845947266
526,1077,105.392295837
527,1078,112.032203674
528,1080,112.573471069
529,1082,112.485870361
530,1083,94.1276245117
531,1089,111.968338013
532,1091,94.903465271
533,1093,94.118019104
534,1097,95.1197738647
535,1099,94.7090835571
536,1101,94.4316253662
537,1103,97.5426025391
538,1104,112.567192078
539,1106,115.651794434
540,1109,96.8616867065
541,1110,112.367996216
542,1111,96.741355896
543,1112,114.124885559
544,1114,95.6894607544
545,1116,95.068649292
546,1117,115.286949158
547,1120,93.4399261475
548,1124,113.235603333
549,1125,95.3891906738
550,1126,113.235397339
551,1134,113.291397095
552,1137,94.8550796509
553,1138,113.650665283
554,1144,112.458839417
555,1145,95.8923110962
556,1146,94.6489868164
557,1148,97.5426025391
558,1150,93.943145752
559,1152,104.792495728
560,1153,94.8339004517
561,1154,106.185997009
562,1155,95.6058273315
563,1157,94.3811340332
564,1162,96.611076355
565,1165,112.705429077
566,1166,96.6213378906
567,1167,103.476646423
568,1168,95.005317688
569,1169,104.961677551
570,1171,116.175201416
571,1172,95.7296066284
572,1173,104.961677551
573,1174,94.8632659912
574,1176,95.4127960205
575,1177,104.687599182
576,1178,94.6833572388
577,1182,112.429512024
578,1186,94.9348449707
579,1187,115.415794373
580,1188,96.9375457764
581,1189,117.435523987
582,1191,111.075630188
583,1192,96.611076355
584,1197,112.838058472
585,1198,94.4229125977
586,1200,79.3391113281
587,1201,94.3624801636
588,1203,96.0295181274
589,1209,115.649726868
590,1214,104.424552917
591,1218,111.696166992
592,1222,95.5430221558
593,1226,97.469619751
594,1228,96.9510269165
595,1230,94.8224639893
596,1232,80.0004425049
597,1233,98.2326507568
598,1236,113.862548828
599,1238,94.7210922241
600,1241,112.458839417
601,1244,107.122062683
602,1246,95.8050918579
603,1247,113.247642517
604,1250,113.758415222
605,1251,96.213973999
606,1254,112.115913391
607,1255,94.6257095337
608,1256,111.876403809
609,1257,94.8389053345
610,1258,96.3748245239
611,1259,112.498847961
612,1260,94.7239990234
613,1263,112.367996216
614,1267,79.829536438
615,1268,112.852371216
616,1271,96.611076355
617,1272,111.864776611
618,1274,106.486816406
619,1275,96.611076355
620,1276,112.408004761
621,1277,93.4037475586
622,1279,94.6489868164
623,1281,94.5978164673
624,1282,96.9375457764
625,1283,114.775398254
626,1285,113.46056366
627,1286,96.2230453491
628,1289,113.636535645
629,1296,112.987716675
630,1299,93.9126815796
631,1301,94.4829940796
632,1306,94.1754760742
633,1307,94.8758850098
634,1308,94.1784286499
635,1313,112.408004761
636,1314,94.5896072388
637,1315,112.367996216
638,1316,92.8731689453
639,1317,111.864776611
640,1319,93.7354507446
641,1323,94.9348449707
642,1324,103.608108521
643,1325,95.5285873413
644,1328,104.181800842
645,1329,94.9363174438
646,1330,112.503814697
647,1331,95.014465332
648,1332,105.141464233
649,1337,95.9937744141
650,1338,112.229011536
651,1339,96.1972427368
652,1340,113.437835693
653,1343,113.239356995
654,1347,104.917854309
655,1348,93.8768157959
656,1349,105.92742157
657,1352,94.0765762329
658,1354,95.0769958496
659,1359,112.958511353
660,1360,94.7206268311
661,1363,112.062110901
662,1364,93.6658248901
663,1365,104.604187012
664,1366,94.8250961304
665,1372,93.9138946533
666,1375,104.374267578
667,1376,93.8312225342
668,1378,93.4926605225
669,1379,113.18699646
670,1380,94.7206268311
671,1381,106.141578674
672,1384,112.129188538
673,1387,94.219581604
674,1388,113.371086121
675,1392,79.9682846069
676,1394,104.533760071
677,1395,94.2487258911
678,1396,112.062110901
679,1398,94.2066192627
680,1399,112.062110901
681,1400,93.5929870605
682,1401,95.2195892334
683,1403,94.4471435547
684,1404,111.512908936
685,1406,112.062110901
686,1407,94.0111312866
687,1408,112.062110901
688,1410,78.1529388428
689,1412,112.062110901
690,1413,94.647857666
691,1415,94.2179336548
692,1420,112.062110901
693,1422,111.149414062
694,1423,109.980621338
695,1424,112.062110901
696,1425,94.7913665771
697,1426,78.1529388428
698,1427,94.8981018066
699,1429,92.0572662354
700,1430,112.331466675
701,1431,95.0465316772
702,1432,104.285415649
703,1434,112.973937988
704,1437,94.3183288574
705,1438,104.607635498
706,1440,112.569587708
707,1441,112.713233948
708,1442,94.5748519897
709,1444,112.393684387
710,1445,94.2179336548
711,1446,104.714424133
712,1448,94.0324249268
713,1453,95.634262085
714,1454,112.062110901
715,1455,93.9648742676
716,1456,111.302391052
717,1458,112.062110901
718,1459,93.392074585
719,1461,94.6851348877
720,1465,94.219581604
721,1466,111.452636719
722,1469,94.7206268311
723,1472,95.634262085
724,1474,93.3574676514
725,1477,111.839759827
726,1479,111.922706604
727,1482,94.7058639526
728,1483,77.007774353
729,1487,93.4440231323
730,1488,112.537765503
731,1490,114.012619019
732,1492,111.634971619
733,1494,119.835868835
734,1496,104.644599915
735,1497,95.148979187
736,1499,94.9211654663
737,1502,93.8873214722
738,1507,112.995346069
739,1508,94.0765762329
740,1509,111.474807739
741,1511,95.9715270996
742,1512,110.920883179
743,1513,116.017631531
744,1514,103.803520203
745,1518,114.06627655
746,1519,93.6200027466
747,1522,112.972259521
748,1524,78.6997833252
749,1527,94.5748519897
750,1529,94.6097183228
751,1532,104.044242859
752,1536,114.765907288
753,1537,117.370300293
754,1539,105.627182007
755,1542,112.027381897
756,1543,93.8312225342
757,1544,103.85546875
758,1545,79.3450775146
759,1550,93.8312225342
760,1551,112.052230835
761,1554,102.549385071
762,1556,106.117340088
763,1559,96.245300293
764,1560,78.4673919678
765,1562,94.4995117188
766,1566,93.7046203613
767,1567,113.102401733
768,1569,103.585090637
769,1570,113.866424561
770,1571,113.800628662
771,1574,94.0765762329
772,1578,105.091453552
773,1580,93.8657531738
774,1583,111.952171326
775,1584,94.0765762329
776,1585,111.168807983
777,1586,94.4773254395
778,1587,113.113288879
779,1588,93.3871307373
780,1590,115.839248657
781,1592,102.875236511
782,1596,112.064529419
783,1598,110.344467163
784,1599,94.0111312866
785,1604,114.293006897
786,1606,102.672424316
787,1607,94.647857666
788,1608,102.523658752
789,1609,116.609382629
790,1611,94.4945297241
791,1613,94.7397384644
792,1616,94.5147247314
793,1619,111.577507019
794,1620,94.3152236938
795,1621,114.06627655
796,1622,94.0078430176
797,1625,110.894416809
798,1627,116.609382629
799,1629,112.542724609
800,1634,93.2537460327
801,1636,93.2393112183
802,1638,103.208198547
803,1639,94.126953125
804,1641,94.8981018066
805,1643,94.2487258911
806,1644,104.811485291
807,1645,119.835868835
808,1646,93.675567627
809,1647,102.549385071
810,1648,94.2263336182
811,1652,93.8657531738
812,1653,112.91318512
813,1656,99.5301513672
814,1658,94.0111312866
815,1659,112.062110901
816,1661,93.9938964844
817,1663,94.647857666
818,1664,113.15309906
819,1665,93.9648742676
820,1666,106.117340088
821,1667,100.840934753
822,1668,79.2528762817
823,1669,103.032653809
824,1670,94.2266769409
825,1672,113.136352539
826,1674,111.223220825
827,1677,112.537765503
828,1678,94.2599411011
829,1679,113.036460876
830,1680,94.902381897
831,1683,106.210533142
832,1686,105.436187744
833,1687,111.149414062
834,1689,113.021530151
835,1690,94.3064422607
836,1691,116.52130127
837,1692,112.664146423
838,1693,94.0765762329
839,1695,94.2517166138
840,1696,95.634262085
841,1697,112.062110901
842,1700,106.117340088
843,1701,92.8863449097
844,1702,113.113288879
845,1703,93.7293395996
846,1704,112.566375732
847,1706,94.305770874
848,1707,113.992958069
849,1708,94.3366394043
850,1710,94.3963928223
851,1711,105.21270752
852,1713,105.492645264
853,1717,104.713356018
854,1719,105.091453552
855,1720,93.7171936035
856,1722,94.8304748535
857,1725,102.898300171
858,1726,94.784538269
859,1727,104.335365295
860,1729,111.735443115
861,1730,92.8444366455
862,1731,112.867912292
863,1733,106.117340088
864,1734,94.5589141846
865,1735,111.149414062
866,1738,94.7397384644
867,1742,93.7076797485
868,1745,111.223220825
869,1747,92.8863449097
870,1749,94.9381637573
871,1751,94.3366394043
872,1752,79.325340271
873,1753,101.775062561
874,1754,94.5457763672
875,1755,95.0328292847
876,1756,105.250770569
877,1758,113.149963379
878,1759,94.5904312134
879,1760,105.087814331
880,1761,113.911315918
881,1762,95.6529769897
882,1763,111.693824768
883,1764,87.1745300293
884,1766,95.7138061523
885,1768,94.8046035767
886,1769,78.638420105
887,1771,113.052001953
888,1772,94.1942825317
889,1773,105.81061554
890,1774,95.2909088135
891,1775,112.202957153
892,1777,113.521324158
893,1779,94.5904312134
894,1780,106.407211304
895,1787,93.7293395996
896,1788,94.1897277832
897,1790,94.3135757446
898,1796,113.727958679
899,1801,94.0912857056
900,1803,94.3408126831
901,1807,113.70489502
902,1809,114.300437927
903,1812,94.6333999634
904,1813,113.787796021
905,1814,95.2721099854
906,1815,114.6587677
907,1816,96.652130127
908,1818,95.049079895
909,1820,94.7852706909
910,1821,112.43422699
911,1822,94.8575592041
912,1825,93.5709152222
913,1826,105.838264465
914,1828,94.3366394043
915,1831,104.347465515
916,1836,114.400039673
917,1837,94.5023727417
918,1841,93.9830245972
919,1844,103.793922424
920,1848,94.5715255737
921,1851,106.252738953
922,1852,93.8878860474
923,1853,94.7950820923
924,1854,112.66293335
925,1856,93.5122756958
926,1859,114.300437927
927,1860,94.2217483521
928,1861,79.3349304199
929,1863,106.410812378
930,1865,94.7755737305
931,1866,106.253417969
932,1867,96.1805267334
933,1868,93.7293395996
934,1872,94.8276672363
935,1879,95.0846099854
936,1880,105.869529724
937,1882,93.6332397461
938,1885,106.836090088
939,1887,104.634017944
940,1888,94.3140182495
941,1890,113.690193176
942,1894,94.7397384644
943,1895,103.883995056
944,1896,94.7245635986
945,1897,115.627128601
946,1900,113.649024963
947,1901,96.8708572388
948,1902,113.85509491
949,1905,94.5594558716
950,1906,110.742424011
951,1912,105.693946838
952,1915,94.6972961426
953,1916,105.475456238
954,1917,94.2722549438
955,1918,105.815200806
956,1920,78.6985244751
957,1923,93.6936721802
958,1924,103.800140381
959,1925,94.7614746094
960,1930,116.609382629
961,1932,112.687667847
962,1933,94.0571594238
963,1934,112.79209137
964,1935,96.8708572388
965,1940,78.1529388428
966,1941,93.4030456543
967,1942,114.24747467
968,1943,96.0479660034
969,1944,94.3903121948
970,1945,111.620597839
971,1948,117.370300293
972,1949,95.7478485107
973,1952,93.8545227051
974,1954,94.7021331787
975,1955,112.687667847
976,1958,96.2848129272
977,1959,78.9390640259
978,1960,111.693824768
979,1963,94.8575592041
980,1965,94.1173400879
981,1968,106.947547913
982,1969,93.6658248901
983,1971,94.6772460938
984,1972,113.441047668
985,1973,94.2999801636
986,1975,93.9778213501
987,1977,95.07447052
988,1978,96.7420578003
989,1979,112.294677734
990,1981,93.8905792236
991,1982,113.576431274
992,1987,115.250434875
993,1988,93.7046203613
994,1993,97.5628585815
995,1997,93.6047363281
996,1999,94.3366394043
997,2001,94.7397384644
998,2002,110.854629517
999,2003,95.6719818115
1000,2004,80.2912445068
1001,2006,112.622505188
1002,2007,96.8025894165
1003,2009,106.084381104
1004,2010,95.4560317993
1005,2013,96.8442153931
1006,2018,78.5024795532
1007,2022,104.555328369
1008,2024,110.50730896
1009,2025,95.1536102295
1010,2026,106.465309143
1011,2030,106.679740906
1012,2031,94.5503616333
1013,2032,105.693946838
1014,2033,94.6069488525
1015,2035,93.0514755249
1016,2036,112.611618042
1017,2037,94.4616622925
1018,2040,94.7397384644
1019,2043,114.028297424
1020,2044,106.145812988
1021,2046,103.198112488
1022,2054,111.495193481
1023,2055,94.5714416504
1024,2056,106.407211304
1025,2059,94.7933731079
1026,2060,96.8708572388
1027,2062,95.9101867676
1028,2063,111.798347473
1029,2066,94.7397384644
1030,2067,112.180450439
1031,2072,97.2839050293
1032,2073,114.024337769
1033,2074,95.8123855591
1034,2075,116.757583618
1035,2076,94.4524154663
1036,2080,95.1035919189
1037,2082,96.8708572388
1038,2085,111.95765686
1039,2087,111.004066467
1040,2091,112.972579956
1041,2092,94.9846115112
1042,2093,106.407211304
1043,2098,93.5764312744
1044,2101,111.693824768
1045,2102,95.049079895
1046,2103,78.1529388428
1047,2105,106.253417969
1048,2106,94.5904312134
1049,2107,117.138168335
1050,2110,94.6035232544
1051,2114,96.6951065063
1052,2115,114.275123596
1053,2117,78.3978118896
1054,2118,94.8442001343
1055,2119,105.041503906
1056,2120,94.2881546021
1057,2122,94.8756027222
1058,2123,113.594070435
1059,2126,94.6467819214
1060,2127,104.635772705
1061,2128,93.9830245972
1062,2129,112.130523682
1063,2132,95.7970809937
1064,2135,105.339981079
1065,2138,94.8086776733
1066,2139,116.609382629
1067,2141,111.37727356
1068,2142,94.7715759277
1069,2146,93.8675308228
1070,2151,113.321716309
1071,2157,103.318756104
1072,2159,115.265701294
1073,2162,93.7192993164
1074,2164,117.268615723
1075,2167,93.3197784424
1076,2168,111.140563965
1077,2171,92.2497177124
1078,2173,93.8365402222
1079,2174,103.731330872
1080,2175,93.370475769
1081,2178,92.9413223267
1082,2180,94.5245895386
1083,2185,112.588424683
1084,2189,93.9027175903
1085,2190,110.675682068
1086,2192,102.266815186
1087,2194,109.982810974
1088,2200,111.978591919
1089,2201,93.9597320557
1090,2203,111.37223053
1091,2204,93.9597320557
1092,2205,112.056503296
1093,2209,110.379898071
1094,2213,103.538879395
1095,2214,93.4710388184
1096,2215,113.229766846
1097,2216,93.9597320557
1098,2218,93.0448303223
1099,2219,104.422355652
1100,2220,94.2038345337
1101,2222,92.6530838013
1102,2223,111.469581604
1103,2225,112.559890747
1104,2226,93.9386825562
1105,2230,93.4573898315
1106,2233,110.820625305
1107,2234,111.858657837
1108,2235,93.9597320557
1109,2236,78.5889205933
1110,2237,93.1225204468
1111,2240,111.265007019
1112,2241,93.757232666
1113,2248,104.141555786
1114,2249,94.6423797607
1115,2250,111.246490479
1116,2252,112.146583557
1117,2253,94.6299514771
1118,2254,112.451469421
1119,2256,78.2641296387
1120,2258,93.3870315552
1121,2259,110.805740356
1122,2262,94.5245895386
1123,2265,94.0727539062
1124,2266,103.374816895
1125,2269,93.1474456787
1126,2271,94.3363342285
1127,2273,93.6903686523
1128,2274,111.100494385
1129,2275,93.9597320557
1130,2277,93.4710388184
1131,2279,93.9597320557
1132,2280,77.8834152222
1133,2282,94.5245895386
1134,2283,102.577285767
1135,2288,92.6339569092
1136,2289,111.737220764
1137,2291,93.7168426514
1138,2292,117.859107971
1139,2297,94.2342987061
1140,2298,103.983444214
1141,2299,95.4971008301
1142,2300,113.143692017
1143,2301,93.3069839478
1144,2304,93.7307357788
1145,2305,105.910049438
1146,2306,94.5245895386
1147,2308,93.5153579712
1148,2309,113.764610291
1149,2311,104.552474976
1150,2312,103.126792908
1151,2316,102.698501587
1152,2321,103.983444214
1153,2322,111.102973938
1154,2325,103.118240356
1155,2326,93.2736206055
1156,2329,117.859107971
1157,2330,93.4710388184
1158,2331,104.116020203
1159,2332,110.70614624
1160,2333,94.5245895386
1161,2334,102.383987427
1162,2335,110.57270813
1163,2337,111.858657837
1164,2338,93.1297836304
1165,2340,110.70614624
1166,2342,95.3735733032
1167,2345,93.9630203247
1168,2349,94.6959838867
1169,2351,77.4940567017
1170,2352,93.739906311
1171,2354,111.637306213
1172,2355,112.550033569
1173,2357,112.559890747
1174,2358,94.5203094482
1175,2360,93.4899749756
1176,2361,111.637306213
1177,2364,93.6206130981
1178,2366,96.1036987305
1179,2369,101.833976746
1180,2370,94.218208313
1181,2371,110.70614624
1182,2373,113.541137695
1183,2374,93.7312164307
1184,2376,112.740341187
1185,2378,111.599189758
1186,2382,94.2917404175
1187,2383,93.7927246094
1188,2386,102.789237976
1189,2387,94.5339431763
1190,2389,93.313949585
1191,2390,111.38571167
1192,2392,92.2038726807
1193,2398,110.70614624
1194,2399,93.739906311
1195,2400,96.0500183105
1196,2401,111.812637329
1197,2402,93.585647583
1198,2404,93.5596542358
1199,2407,111.596961975
1200,2408,110.101211548
1201,2409,111.876655579
1202,2412,78.5231246948
1203,2413,93.8811264038
1204,2415,93.5032806396
1205,2420,110.798744202
1206,2422,93.2311859131
1207,2423,102.353141785
1208,2426,94.5138626099
1209,2432,93.6583480835
1210,2434,92.3275375366
1211,2435,93.3444137573
1212,2436,112.125465393
1213,2438,111.22808075
1214,2440,113.776138306
1215,2443,93.4573898315
1216,2444,94.8349304199
1217,2447,104.141555786
1218,2450,94.224609375
1219,2454,93.6888122559
1220,2455,111.581192017
1221,2459,94.5245895386
1222,2460,111.422157288
1223,2463,93.0641326904
1224,2465,93.7879867554
1225,2468,77.7685089111
1226,2469,93.990196228
1227,2474,92.9493026733
1228,2478,92.1481552124
1229,2480,95.0897140503
1230,2481,111.265007019
1231,2489,94.5245895386
1232,2490,103.920837402
1233,2492,94.7383346558
1234,2496,94.5245895386
1235,2497,112.71472168
1236,2500,93.7883911133
1237,2505,94.5245895386
1238,2507,92.3854446411
1239,2508,112.056503296
1240,2509,93.8805084229
1241,2510,79.4878921509
1242,2513,92.9251785278
1243,2515,94.5245895386
1244,2518,93.7927246094
1245,2519,110.857933044
1246,2520,93.7927246094
1247,2521,113.761207581
1248,2523,110.753211975
1249,2525,93.5701446533
1250,2529,111.949501038
1251,2530,93.990196228
1252,2533,112.593208313
1253,2535,93.4564361572
1254,2538,104.008300781
1255,2544,111.519622803
1256,2553,112.565361023
1257,2556,93.370475769
1258,2558,93.2240447998
1259,2559,117.386245728
1260,2560,93.5015029907
1261,2561,112.173339844
1262,2562,93.990196228
1263,2563,111.866928101
1264,2564,92.358001709
1265,2565,110.820625305
1266,2567,103.826789856
1267,2572,93.8849258423
1268,2575,93.7653274536
1269,2576,112.740341187
1270,2577,92.6702880859
1271,2578,93.7192993164
1272,2579,110.936279297
1273,2580,92.3974838257
1274,2582,112.426506042
1275,2583,93.6652374268
1276,2587,93.1533889771
1277,2589,112.251365662
1278,2590,94.3381500244
1279,2591,111.949501038
1280,2594,93.3068771362
1281,2597,94.3065032959
1282,2598,104.252807617
1283,2599,94.002784729
1284,2600,101.546775818
1285,2602,111.515991211
1286,2603,93.8849258423
1287,2604,103.807319641
1288,2606,111.263847351
1289,2607,78.3572006226
1290,2608,96.0500183105
1291,2613,112.056503296
1292,2614,94.3704299927
1293,2615,112.145126343
1294,2617,112.969100952
1295,2620,93.5198287964
1296,2623,114.186782837
1297,2624,93.3640289307
1298,2627,112.056503296
1299,2629,78.3572006226
1300,2630,93.0678482056
1301,2632,93.3342208862
1302,2636,93.7232589722
1303,2639,93.2542037964
1304,2640,105.680900574
1305,2642,111.949501038
1306,2644,104.252807617
1307,2646,111.909324646
1308,2647,93.7232589722
1309,2649,94.2265090942
1310,2650,104.618087769
1311,2652,105.482780457
1312,2653,101.848442078
1313,2655,105.639083862
1314,2657,110.70614624
1315,2659,111.546478271
1316,2662,93.7927246094
1317,2663,111.265007019
1318,2664,93.3512115479
1319,2665,103.004478455
1320,2670,93.2120513916
1321,2671,103.792800903
1322,2672,93.9863510132
1323,2675,105.482780457
1324,2677,111.433502197
1325,2679,112.011528015
1326,2683,112.251083374
1327,2684,94.3343048096
1328,2685,94.1763153076
1329,2688,104.903091431
1330,2689,94.2159042358
1331,2690,101.637367249
1332,2693,92.5495071411
1333,2694,112.035636902
1334,2697,95.1439361572
1335,2699,93.6250152588
1336,2703,93.292350769
1337,2705,103.571334839
1338,2709,79.5881195068
1339,2710,92.5718078613
1340,2711,115.377807617
1341,2712,92.4536895752
1342,2713,93.8150939941
1343,2714,112.676063538
1344,2715,92.0574264526
1345,2717,92.8766937256
1346,2718,112.205749512
1347,2720,112.107940674
1348,2721,93.733215332
1349,2726,94.1661148071
1350,2728,93.0698623657
1351,2731,102.788711548
1352,2732,111.637306213
1353,2734,94.5203094482
1354,2736,104.229743958
1355,2737,94.0258331299
1356,2738,102.524353027
1357,2739,115.265701294
1358,2746,93.0448303223
1359,2749,102.266815186
1360,2751,121.131668091
1361,2752,103.085868835
1362,2753,93.5936431885
1363,2757,103.920837402
1364,2758,94.6513366699
1365,2759,111.376083374
1366,2760,93.219909668
1367,2762,112.300964355
1368,2764,93.7516555786
1369,2765,111.121414185
1370,2769,112.302719116
1371,2771,111.933242798
1372,2774,95.0888900757
1373,2776,93.0102462769
1374,2777,113.231819153
1375,2778,94.7383346558
1376,2779,115.265731812
1377,2782,92.3323516846
1378,2784,93.5337982178
1379,2787,93.171043396
1380,2789,94.026222229
1381,2792,94.9913101196
1382,2798,94.224609375
1383,2799,104.222343445
1384,2800,94.2864837646
1385,2801,80.5057525635
1386,2802,93.3263015747
1387,2804,93.2354888916
1388,2807,104.141555786
1389,2808,93.5315246582
1390,2809,113.392341614
1391,2811,115.983146667
1392,2812,93.8526153564
1393,2814,92.2634811401
1394,2816,93.5342178345
1395,2817,110.890113831
1396,2818,109.399368286
1397,2820,111.46824646
1398,2821,79.4409179688
1399,2822,93.6401443481
1400,2823,104.548576355
1401,2824,93.7562789917
1402,2826,95.4823989868
1403,2829,95.0849227905
1404,2834,93.681350708
1405,2835,78.7169952393
1406,2838,94.73878479
1407,2839,110.656509399
1408,2840,92.6464233398
1409,2841,109.01322937
1410,2842,94.5245895386
1411,2846,112.297271729
1412,2848,93.8550338745
1413,2849,91.5322570801
1414,2850,112.676063538
1415,2851,93.7192993164
1416,2853,93.77734375
1417,2854,111.949501038
1418,2858,130.683364868
1419,2861,93.0804901123
1420,2864,94.7383346558
1421,2865,111.265007019
1422,2866,110.957801819
1423,2867,91.9050369263
1424,2868,113.351997375
1425,2870,113.55695343
1426,2877,93.7417755127
1427,2878,112.056503296
1428,2880,112.740341187
1429,2882,78.0431365967
1430,2883,94.4273147583
1431,2884,103.38142395
1432,2885,93.2267074585
1433,2887,94.5245895386
1434,2888,111.740814209
1435,2889,93.6950759888
1436,2890,104.252807617
1437,2891,104.522003174
1438,2892,116.9973526
1439,2893,95.0778121948
1440,2898,113.808357239
1441,2899,92.601234436
1442,2900,112.176109314
1443,2901,94.8313522339
1444,2909,94.2342987061
1445,2910,113.16558075
1446,2911,110.20010376
1447,2913,110.818138123
1448,2914,93.5515136719
1449,2918,94.5749588013
1450,2919,110.53061676
1451,2920,93.7926483154
1452,2921,112.056503296
1453,2922,94.238243103
1454,2923,102.3203125
1455,2925,112.425727844
1456,2926,92.3974838257
1457,2927,111.949501038
1458,2929,113.693328857
1459,2933,93.0441207886
1460,2934,112.602989197
1461,2936,111.618423462
1462,2941,102.936073303
1463,2942,92.8176498413
1464,2943,111.418411255
1465,2945,102.98802948
1466,2950,93.393447876
1467,2951,112.059028625
1468,2953,114.533889771
1469,2954,94.1280899048
1470,2955,103.146629333
1471,2956,94.8661346436
1472,2960,94.8590011597
1473,2962,95.9346084595
1474,2963,104.779968262
1475,2964,106.002227783
1476,2966,78.0658340454
1477,2967,95.1971817017
1478,2968,112.745574951
1479,2969,93.393447876
1480,2971,93.8227767944
1481,2972,94.6960601807
1482,2974,94.4794616699
1483,2975,113.326789856
1484,2977,119.780838013
1485,2980,112.156227112
1486,2981,94.8825454712
1487,2983,94.5910644531
1488,2984,104.370292664
1489,2985,117.50176239
1490,2986,104.562713623
1491,2987,94.6960601807
1492,2989,93.7858886719
1493,2990,111.266227722
1494,2991,93.5103225708
1495,2992,78.2707214355
1496,2995,95.5656433105
1497,2996,102.672439575
1498,3002,112.166603088
1499,3004,114.711120605
1500,3005,117.50176239
1501,3006,94.7217102051
1502,3010,94.4635391235
1503,3011,105.229934692
1504,3014,92.8238525391
1505,3015,94.1335296631
1506,3016,94.2899703979
1507,3017,114.757286072
1508,3018,93.8762207031
1509,3021,103.021080017
1510,3024,104.666221619
1511,3028,93.4573822021
1512,3030,95.0913391113
1513,3032,93.5644836426
1514,3039,94.0439758301
1515,3040,105.064666748
1516,3041,97.5439910889
1517,3043,94.2149429321
1518,3044,113.539039612
1519,3046,109.754829407
1520,3055,93.4390716553
1521,3056,112.200561523
1522,3058,94.2320709229
1523,3059,109.514953613
1524,3061,117.31526947
1525,3063,104.36542511
1526,3066,92.2157058716
1527,3067,104.666221619
1528,3068,78.0896530151
1529,3069,93.9496078491
1530,3072,116.02482605
1531,3073,113.081321716
1532,3074,94.3234405518
1533,3077,93.5312271118
1534,3082,95.4289932251
1535,3084,95.5656433105
1536,3085,112.015083313
1537,3088,104.599311829
1538,3091,93.3935623169
1539,3092,114.13067627
1540,3093,97.631072998
1541,3094,102.905784607
1542,3096,112.111503601
1543,3097,92.5903396606
1544,3098,78.3715209961
1545,3102,116.061012268
1546,3106,94.3135147095
1547,3109,94.175453186
1548,3111,91.9150619507
1549,3112,117.50176239
1550,3113,93.9496078491
1551,3115,96.5432357788
1552,3116,111.691253662
1553,3117,95.0604705811
1554,3121,113.339241028
1555,3122,92.8110961914
1556,3123,94.2816085815
1557,3124,104.398384094
1558,3125,94.2899703979
1559,3126,102.92931366
1560,3127,116.466270447
1561,3129,93.7006912231
1562,3130,113.608840942
1563,3132,104.446052551
1564,3134,107.645675659
1565,3135,95.2205276489
1566,3137,79.0134277344
1567,3138,92.9055862427
1568,3140,95.8356399536
1569,3144,113.208267212
1570,3145,94.6897964478
1571,3146,112.480232239
1572,3147,94.6306915283
1573,3148,104.314727783
1574,3149,103.175819397
1575,3150,113.374145508
1576,3151,94.5622253418
1577,3152,93.1655960083
1578,3155,96.7966461182
1579,3156,113.082672119
1580,3159,93.3924331665
1581,3161,94.2316589355
1582,3162,105.434654236
1583,3163,94.6074981689
1584,3165,102.539749146
1585,3172,93.9566574097
1586,3173,128.704849243
1587,3176,94.8625488281
1588,3177,103.919364929
1589,3179,113.326789856
1590,3183,93.1442947388
1591,3186,94.3960876465
1592,3187,104.135162354
1593,3189,111.239501953
1594,3190,95.303024292
1595,3192,116.466270447
1596,3193,93.9566574097
1597,3194,111.983009338
1598,3197,93.9365158081
1599,3198,94.0949859619
1600,3200,94.7404022217
1601,3201,118.892051697
1602,3202,94.0949859619
1603,3204,94.7113800049
1604,3205,93.8010101318
1605,3206,112.877609253
1606,3208,103.291603088
1607,3210,103.127410889
1608,3211,93.8644866943
1609,3212,117.31526947
1610,3213,93.362701416
1611,3214,109.674934387
1612,3216,104.599311829
1613,3219,94.9604415894
1614,3220,111.680435181
1615,3221,93.9496078491
1616,3226,105.349594116
1617,3227,95.2041702271
1618,3228,110.575065613
1619,3229,96.4305038452
1620,3232,77.7852401733
1621,3233,94.4045410156
1622,3234,94.1470794678
1623,3236,94.0689315796
1624,3238,112.601104736
1625,3239,111.059196472
1626,3240,92.9685974121
1627,3247,112.028549194
1628,3249,104.372123718
1629,3252,115.569526672
1630,3253,95.6061630249
1631,3254,103.568099976
1632,3255,93.3109588623
1633,3256,113.10774231
1634,3257,95.3555297852
1635,3262,94.4185791016
1636,3263,106.002227783
1637,3264,94.8661346436
1638,3266,112.264533997
1639,3267,94.4519119263
1640,3269,93.6608505249
1641,3272,117.50176239
1642,3274,93.9365158081
1643,3275,103.028816223
1644,3277,94.1280899048
1645,3279,95.4682617188
1646,3280,105.973876953
1647,3283,95.1390762329
1648,3285,94.7113800049
1649,3287,93.921333313
1650,3288,104.666221619
1651,3290,104.339256287
1652,3291,93.5738296509
1653,3298,112.273582458
1654,3299,94.2097015381
1655,3302,110.826911926
1656,3303,96.1220016479
1657,3304,103.027923584
1658,3307,93.5718612671
1659,3309,93.5347900391
1660,3314,78.0896530151
1661,3316,113.145843506
1662,3317,94.8852310181
1663,3319,94.9016113281
1664,3320,112.361602783
1665,3321,94.1667175293
1666,3322,103.212944031
1667,3324,93.7236328125
1668,3326,95.2372589111
1669,3329,109.754829407
1670,3330,92.5903396606
1671,3331,112.590538025
1672,3335,117.31526947
1673,3337,93.7522583008
1674,3338,103.439147949
1675,3339,94.8935317993
1676,3340,111.821296692
1677,3341,94.3077774048
1678,3343,93.9931716919
1679,3346,93.0188293457
1680,3348,93.6907424927
1681,3351,104.666221619
1682,3352,117.50176239
1683,3355,93.6142272949
1684,3356,113.276344299
1685,3358,104.74433136
1686,3359,93.8595275879
1687,3360,112.165649414
1688,3371,113.070068359
1689,3372,93.9726715088
1690,3374,95.1268310547
1691,3377,111.605628967
1692,3378,92.8609237671
1693,3380,105.074531555
1694,3382,94.3408737183
1695,3386,94.0949859619
1696,3389,112.997634888
1697,3391,103.211769104
1698,3393,93.8742141724
1699,3394,103.929130554
1700,3395,94.4055557251
1701,3397,112.708106995
1702,3398,94.3068618774
1703,3399,79.817817688
1704,3400,94.4579467773
1705,3404,105.074531555
1706,3407,112.803199768
1707,3409,104.763618469
1708,3419,94.1280899048
1709,3421,94.6274337769
1710,3425,94.6795349121
1711,3427,79.6402206421
1712,3428,117.50176239
1713,3429,114.277458191
1714,3431,92.7442245483
1715,3435,94.0398406982
1716,3436,113.326789856
1717,3439,95.7998886108
1718,3441,95.6712646484
1719,3442,117.50176239
1720,3443,94.4185791016
1721,3444,102.89679718
1722,3445,94.0717163086
1723,3446,112.021865845
1724,3449,96.1301879883
1725,3453,93.5446243286
1726,3457,93.349029541
1727,3460,104.666221619
1728,3461,93.9802627563
1729,3462,95.5191497803
1730,3464,105.186599731
1731,3465,78.3972702026
1732,3466,94.4579467773
1733,3467,105.17023468
1734,3468,93.6785507202
1735,3469,104.051513672
1736,3470,103.453323364
1737,3472,112.601104736
1738,3473,93.8757171631
1739,3475,93.4006118774
1740,3476,113.057373047
1741,3478,106.795051575
1742,3479,94.5158996582
1743,3483,93.5497055054
1744,3484,104.598243713
1745,3485,95.240020752
1746,3487,94.0459747314
1747,3488,112.498130798
1748,3496,111.742866516
1749,3497,93.450668335
1750,3499,94.9915008545
1751,3500,78.8672714233
1752,3501,94.2585449219
1753,3504,94.5003356934
1754,3508,105.356422424
1755,3511,94.6123046875
1756,3512,113.594322205
1757,3515,95.0071792603
1758,3517,94.0717163086
1759,3518,104.22315979
1760,3526,112.686264038
1761,3528,145.045013428
1762,3529,94.8745040894
1763,3530,112.678222656
1764,3531,95.0981903076
1765,3532,111.293434143
1766,3533,94.2896118164
1767,3534,93.9496078491
1768,3535,78.4203338623
1769,3536,94.4834136963
1770,3537,112.573348999
1771,3538,93.6857833862
1772,3539,110.342887878
1773,3540,103.33694458
1774,3545,112.906341553
1775,3546,93.7754669189
1776,3550,103.514762878
1777,3551,93.7137069702
1778,3553,94.1801757812
1779,3554,104.666221619
1780,3557,93.5738296509
1781,3558,112.451179504
1782,3559,96.1301879883
1783,3561,94.7575836182
1784,3562,112.708106995
1785,3563,94.6317672729
1786,3564,104.666221619
1787,3565,94.0717163086
1788,3567,94.103515625
1789,3571,104.666221619
1790,3572,94.5864257812
1791,3574,93.591545105
1792,3576,93.8217849731
1793,3577,112.551635742
1794,3578,94.1713027954
1795,3579,93.8217849731
1796,3583,94.2880096436
1797,3585,94.5513153076
1798,3586,104.708625793
1799,3587,113.047370911
1800,3593,93.7890090942
1801,3594,108.610694885
1802,3595,94.0439758301
1803,3599,94.6158905029
1804,3600,104.102516174
1805,3601,112.601104736
1806,3602,96.1301879883
1807,3604,94.4268493652
1808,3609,118.892051697
1809,3610,112.75819397
1810,3612,112.562110901
1811,3614,114.275283813
1812,3615,94.1470794678
1813,3617,95.4682617188
1814,3618,112.590538025
1815,3619,112.413375854
1816,3620,112.647903442
1817,3621,94.1240158081
1818,3625,95.9659118652
1819,3626,103.306617737
1820,3630,102.874603271
1821,3631,93.8238754272
1822,3632,103.902893066
1823,3633,94.7223968506
1824,3634,112.567474365
1825,3637,94.2508163452
1826,3639,95.1181564331
1827,3640,112.467300415
1828,3641,94.2219619751
1829,3644,113.498405457
1830,3645,93.8217849731
1831,3646,96.364151001
1832,3647,93.4006118774
1833,3648,112.708106995
1834,3653,113.058258057
1835,3654,96.5432357788
1836,3655,111.93838501
1837,3659,103.021095276
1838,3660,93.704574585
1839,3662,112.016777039
1840,3666,94.0459747314
1841,3668,94.7886352539
1842,3671,94.1044692993
1843,3673,94.1997070312
1844,3674,113.259239197
1845,3675,95.6391906738
1846,3681,93.790222168
1847,3682,113.058258057
1848,3686,109.674934387
1849,3687,92.8995819092
1850,3692,79.9135284424
1851,3695,112.665092468
1852,3696,93.6412734985
1853,3699,112.83102417
1854,3705,111.417053223
1855,3707,78.0928573608
1856,3708,94.2585449219
1857,3709,112.844345093
1858,3710,93.5782089233
1859,3712,92.1926345825
1860,3715,113.058258057
1861,3716,93.8217849731
1862,3720,112.751449585
1863,3722,78.0928573608
1864,3726,94.3254318237
1865,3728,93.5437545776
1866,3729,114.46257019
1867,3731,102.768325806
1868,3735,114.068717957
1869,3736,95.8649520874
1870,3739,102.749237061
1871,3741,111.66872406
1872,3743,103.405059814
1873,3744,94.3135757446
1874,3745,112.198410034
1875,3746,93.1864242554
1876,3751,93.664276123
1877,3753,92.5553894043
1878,3760,111.918830872
1879,3761,95.0896987915
1880,3762,110.065872192
1881,3763,94.177947998
1882,3765,94.5656585693
1883,3768,113.638725281
1884,3769,92.915763855
1885,3770,103.971176147
1886,3773,111.735107422
1887,3774,93.5300674438
1888,3776,93.0208129883
1889,3778,93.3379516602
1890,3779,110.715065002
1891,3780,93.5755767822
1892,3781,111.507591248
1893,3782,94.4600296021
1894,3783,111.166625977
1895,3784,94.7670898438
1896,3786,94.3804626465
1897,3789,113.33530426
1898,3790,93.6015701294
1899,3793,112.185516357
1900,3795,112.175346375
1901,3797,94.7732772827
1902,3798,117.458381653
1903,3800,112.300842285
1904,3804,93.5300674438
1905,3810,92.9732131958
1906,3815,112.91318512
1907,3816,93.5300674438
1908,3818,104.113235474
1909,3824,111.166625977
1910,3828,103.488883972
1911,3830,112.415428162
1912,3831,93.0355758667
1913,3832,77.3086853027
1914,3834,112.198410034
1915,3835,94.3091430664
1916,3836,111.451622009
1917,3838,94.7397384644
1918,3839,117.370300293
1919,3840,113.15511322
1920,3845,93.8578872681
1921,3846,111.124168396
1922,3847,92.7089767456
1923,3849,75.9736251831
1924,3853,111.632514954
1925,3855,104.390556335
1926,3856,94.1579818726
1927,3864,79.3405303955
1928,3865,94.109375
1929,3866,112.636322021
1930,3867,93.1125793457
1931,3868,112.300842285
1932,3869,92.8037719727
1933,3871,92.9496536255
1934,3875,103.725402832
1935,3876,93.2571182251
1936,3878,93.2589111328
1937,3879,113.827964783
1938,3881,112.300842285
1939,3883,110.513648987
1940,3884,93.9314651489
1941,3886,110.467292786
1942,3890,93.4970550537
1943,3893,110.063743591
1944,3897,103.40990448
1945,3901,92.6862030029
1946,3902,109.6771698
1947,3913,111.848258972
1948,3914,94.4286270142
1949,3916,92.4798202515
1950,3917,112.966873169
1951,3924,104.363182068
1952,3925,94.2697067261
1953,3928,94.4911575317
1954,3929,112.639671326
1955,3932,92.2962493896
1956,3933,104.909713745
1957,3934,79.7187271118
1958,3935,93.909034729
1959,3936,94.2968673706
1960,3937,111.936515808
1961,3938,93.1975784302
1962,3939,112.509223938
1963,3943,93.2844161987
1964,3944,112.486938477
1965,3945,112.366424561
1966,3946,94.8755493164
1967,3947,113.018196106
1968,3948,94.8070907593
1969,3949,112.486938477
1970,3950,94.2580337524
1971,3951,111.181632996
1972,3952,94.1192550659
1973,3953,112.663032532
1974,3961,112.132965088
1975,3962,93.5697402954
1976,3966,93.7637176514
1977,3967,103.598480225
1978,3968,94.4602508545
1979,3969,113.269165039
1980,3970,95.4795837402
1981,3971,104.463745117
1982,3973,93.0206222534
1983,3974,112.526947021
1984,3975,114.443664551
1985,3977,95.8661117554
1986,3979,112.959625244
1987,3985,94.4231033325
1988,3986,103.869766235
1989,3988,112.509223938
1990,3991,94.6334991455
1991,3992,105.214447021
1992,3993,93.9929351807
1993,3994,95.1850204468
1994,3995,113.131034851
1995,4005,113.876907349
1996,4007,93.9625091553
1997,4008,103.067703247
1998,4009,95.2745819092
1999,4010,113.310287476
2000,4011,79.8128128052
2001,4012,94.5359954834
2002,4013,104.363182068
2003,4015,111.322029114
2004,4016,112.525764465
2005,4018,113.439292908
2006,4025,94.3368759155
2007,4026,113.525497437
2008,4028,112.492248535
2009,4029,95.3532028198
2010,4031,94.5419540405
2011,4032,112.338775635
2012,4033,93.0623931885
2013,4034,103.898216248
2014,4037,93.9944152832
2015,4038,103.362083435
2016,4039,94.5265731812
2017,4041,94.2324676514
2018,4042,112.185302734
2019,4043,94.3894577026
2020,4044,104.909713745
2021,4045,94.5249099731
2022,4046,112.571884155
2023,4047,95.1071472168
2024,4048,103.750724792
2025,4049,93.999961853
2026,4051,94.8359680176
2027,4052,112.63394928
2028,4058,104.909713745
2029,4062,113.144111633
2030,4064,111.309700012
2031,4067,93.9625091553
2032,4068,78.5835876465
2033,4070,94.7895889282
2034,4072,115.04057312
2035,4074,114.320510864
2036,4075,93.5150375366
2037,4076,113.292488098
2038,4077,94.7779541016
2039,4078,113.525497437
2040,4080,104.909713745
2041,4082,112.767799377
2042,4085,93.8286743164
2043,4086,115.623703003
2044,4088,113.525497437
2045,4089,94.0803985596
2046,4092,78.4658355713
2047,4094,93.58984375
2048,4095,112.724159241
2049,4096,93.3297805786
2050,4097,103.594657898
2051,4102,93.9762496948
2052,4105,111.994560242
2053,4107,110.695251465
2054,4111,94.3263015747
2055,4112,103.232154846
2056,4113,94.9050064087
2057,4114,119.986030579
2058,4115,94.2603302002
2059,4116,112.588111877
2060,4117,94.3791503906
2061,4118,94.2094039917
2062,4119,111.299636841
2063,4120,95.3310241699
2064,4122,79.0037460327
2065,4125,94.8005828857
2066,4126,112.801467896
2067,4129,112.838630676
2068,4134,112.791137695
2069,4137,93.6898269653
2070,4141,103.971298218
2071,4142,96.4669036865
2072,4144,94.806312561
2073,4145,104.363182068
2074,4146,96.7430801392
2075,4150,93.9478988647
2076,4151,79.0979690552
2077,4154,93.9625091553
2078,4156,95.0893325806
2079,4157,114.024978638
2080,4159,112.525764465
2081,4160,94.4097671509
2082,4161,112.341140747
2083,4168,94.4612579346
2084,4171,103.652145386
2085,4172,104.643203735
2086,4173,95.3532028198
2087,4175,93.241065979
2088,4176,104.909713745
2089,4177,94.806312561
2090,4178,102.691902161
2091,4179,93.9582214355
2092,4181,112.296150208
2093,4183,95.3532028198
2094,4184,113.488609314
2095,4185,94.3421173096
2096,4186,114.486885071
2097,4188,113.184829712
2098,4190,111.131568909
2099,4192,93.512298584
2100,4193,111.815872192
2101,4194,112.526947021
2102,4195,94.475692749
2103,4196,78.9709777832
2104,4202,95.3532028198
2105,4203,103.866859436
2106,4208,95.3024902344
2107,4209,129.160903931
2108,4210,93.7075881958
2109,4211,111.160896301
2110,4212,115.762947083
2111,4214,105.370399475
2112,4215,94.6184387207
2113,4216,113.200210571
2114,4217,93.4592208862
2115,4219,95.1069030762
2116,4222,111.936515808
2117,4224,79.2718505859
2118,4231,105.33039093
2119,4232,95.3532028198
2120,4234,93.7075881958
2121,4236,94.806312561
2122,4237,104.909713745
2123,4240,93.7494659424
2124,4242,103.905235291
2125,4243,94.9450149536
2126,4247,94.8005828857
2127,4248,112.687950134
2128,4249,93.7884216309
2129,4254,102.881271362
2130,4263,93.9510345459
2131,4265,112.283241272
2132,4267,112.070838928
2133,4268,112.639671326
2134,4271,112.936561584
2135,4272,94.5716781616
2136,4273,112.166732788
2137,4274,94.3190536499
2138,4276,93.7114028931
2139,4278,94.883392334
2140,4280,94.7321548462
2141,4281,111.73789978
2142,4283,94.8501205444
2143,4284,113.101554871
2144,4285,95.2423782349
2145,4286,113.231361389
2146,4287,95.4995346069
2147,4288,132.722625732
2148,4289,92.6615066528
2149,4290,83.5093002319
2150,4293,94.3561859131
2151,4296,112.25806427
2152,4297,94.8423461914
2153,4299,93.9490432739
2154,4303,112.901023865
2155,4310,94.491607666
2156,4312,103.86832428
2157,4318,104.945877075
2158,4320,113.317085266
2159,4322,94.7643051147
2160,4323,114.14679718
2161,4325,105.406562805
2162,4326,112.874794006
2163,4328,103.86000061
2164,4330,103.913909912
2165,4332,113.081878662
2166,4333,94.8368759155
2167,4335,94.3084640503
2168,4336,112.156509399
2169,4338,104.400024414
2170,4341,94.583404541
2171,4342,105.488418579
2172,4344,104.945877075
2173,4347,94.3876647949
2174,4348,104.945877075
2175,4351,105.530044556
2176,4352,94.5721588135
2177,4353,113.173522949
2178,4355,102.844734192
2179,4356,93.8648376465
2180,4359,105.536087036
2181,4360,94.4656295776
2182,4361,94.3356628418
2183,4364,93.9904556274
2184,4365,104.804107666
2185,4368,95.3054580688
2186,4372,94.5710449219
2187,4374,93.2430267334
2188,4376,94.3090515137
2189,4377,102.88759613
2190,4380,94.7213592529
2191,4383,104.430549622
2192,4384,94.9195556641
2193,4385,103.029472351
2194,4389,94.589553833
2195,4391,94.6505126953
2196,4392,112.041992188
2197,4393,94.0704421997
2198,4395,94.1725387573
2199,4396,112.630104065
2200,4398,113.346748352
2201,4399,108.351829529
2202,4401,94.4519042969
2203,4406,95.9279937744
2204,4408,103.913909912
2205,4412,104.945877075
2206,4415,93.8959655762
2207,4418,113.027961731
2208,4419,93.2430267334
2209,4420,78.8392105103
2210,4422,112.523101807
2211,4423,93.2430267334
2212,4425,93.6860427856
2213,4428,114.266654968
2214,4431,111.189231873
2215,4434,93.3915252686
2216,4436,94.6368713379
2217,4437,113.216697693
2218,4439,115.326828003
2219,4440,95.041519165
2220,4441,113.786140442
2221,4444,94.4564056396
2222,4445,105.406562805
2223,4446,93.5945281982
2224,4447,115.281639099
2225,4452,103.662406921
2226,4456,112.940986633
2227,4457,93.8248291016
2228,4458,112.985015869
2229,4460,93.8648376465
2230,4461,115.326828003
2231,4462,95.2823410034
2232,4465,102.785354614
2233,4466,103.840507507
2234,4468,95.0497817993
2235,4469,103.696357727
2236,4472,112.712722778
2237,4475,94.6601638794
2238,4478,94.8970031738
2239,4479,112.66368866
2240,4480,93.4824752808
2241,4483,79.341835022
2242,4484,93.8591079712
2243,4485,103.968330383
2244,4486,95.5157470703
2245,4488,94.3828277588
2246,4489,103.652816772
2247,4490,94.9138870239
2248,4491,109.396980286
2249,4492,94.35496521
2250,4493,105.3099823
2251,4494,94.4153137207
2252,4495,103.63658905
2253,4498,79.0879364014
2254,4499,98.7620162964
2255,4500,105.559150696
2256,4503,113.294700623
2257,4505,102.785354614
2258,4506,93.981880188
2259,4507,94.03931427
2260,4508,104.945877075
2261,4510,112.874794006
2262,4511,93.3275146484
2263,4513,95.5462112427
2264,4516,79.0621643066
2265,4519,94.1894378662
2266,4521,94.2619781494
2267,4531,95.0754699707
2268,4532,78.9958114624
2269,4533,104.434921265
2270,4534,112.616241455
2271,4536,104.945877075
2272,4537,93.8248291016
2273,4539,94.2822113037
2274,4542,102.788772583
2275,4545,93.3287582397
2276,4549,94.4258804321
2277,4551,94.1161727905
2278,4554,104.434700012
2279,4556,112.572784424
2280,4559,113.511512756
2281,4561,112.798973083
2282,4562,111.826164246
2283,4566,112.098167419
2284,4569,94.1957321167
2285,4570,112.630104065
2286,4573,94.0619506836
2287,4574,103.136062622
2288,4575,94.2456436157
2289,4577,93.8100662231
2290,4578,111.972679138
2291,4580,116.115997314
2292,4582,95.0134353638
2293,4583,112.523101807
2294,4585,94.6937103271
2295,4587,104.945877075
2296,4595,93.3502349854
2297,4596,113.71244812
2298,4601,95.071105957
2299,4602,112.667144775
2300,4603,94.6110534668
2301,4605,113.28943634
2302,4606,94.7581710815
2303,4607,112.72618103
2304,4608,94.4299850464
2305,4610,94.5273208618
2306,4613,103.685470581
2307,4617,94.3927459717
2308,4618,111.932670593
2309,4619,93.5484619141
2310,4620,94.1115646362
2311,4622,107.611099243
2312,4625,93.8648376465
2313,4626,104.945877075
2314,4627,94.7213592529
2315,4629,94.0770950317
2316,4631,94.5149765015
2317,4633,104.945877075
2318,4634,113.139762878
2319,4635,93.2921600342
2320,4639,93.758354187
2321,4640,103.624732971
2322,4642,103.863014221
2323,4644,112.529968262
2324,4646,104.945877075
2325,4647,95.1663742065
2326,4648,79.5522766113
2327,4649,94.1957321167
2328,4650,113.125190735
2329,4655,94.4258804321
2330,4660,93.5945129395
2331,4661,130.752410889
2332,4662,93.7327270508
2333,4663,113.427719116
2334,4665,95.0834960938
2335,4666,113.030403137
2336,4667,103.894371033
2337,4668,95.0671615601
2338,4670,94.3614501953
2339,4671,111.677154541
2340,4672,94.2786407471
2341,4673,103.903022766
2342,4675,103.793113708
2343,4676,94.4994049072
2344,4677,112.769073486
2345,4680,94.4372253418
2346,4682,94.0219421387
2347,4683,112.760269165
2348,4685,104.945877075
2349,4686,93.6071548462
2350,4688,113.073600769
2351,4690,111.530403137
2352,4692,113.072418213
2353,4693,93.7462158203
2354,4697,94.9363708496
2355,4700,112.139038086
2356,4702,112.153137207
2357,4707,117.810546875
2358,4708,94.1690063477
2359,4710,79.5983734131
2360,4716,104.284568787
2361,4717,94.9510269165
2362,4718,94.9258041382
2363,4720,95.0240631104
2364,4721,78.2967224121
2365,4723,95.4956436157
2366,4726,112.729820251
2367,4727,94.2152023315
2368,4729,93.901222229
2369,4731,95.5859603882
2370,4732,113.130615234
2371,4735,93.2645339966
2372,4736,104.218078613
2373,4737,95.0124969482
2374,4738,112.451438904
2375,4739,112.36769104
2376,4744,103.992477417
2377,4747,94.7836303711
2378,4749,116.235832214
2379,4750,94.1690063477
2380,4752,113.033592224
2381,4755,94.8005828857
2382,4756,104.015762329
2383,4757,113.594657898
2384,4758,95.2467498779
2385,4759,103.18787384
2386,4763,94.7619934082
2387,4764,103.30316925
2388,4765,93.6176681519
2389,4766,94.4839096069
2390,4767,112.736724854
2391,4769,112.914962769
2392,4770,95.4657745361
2393,4771,79.2417907715
2394,4772,105.456367493
2395,4774,113.073600769
2396,4776,112.471221924
2397,4777,113.223670959
2398,4778,94.9278640747
2399,4780,95.5959777832
2400,4784,95.3547592163
2401,4786,95.6538848877
2402,4787,78.9239196777
2403,4788,97.2586746216
2404,4789,113.033592224
2405,4791,105.308540344
2406,4792,94.0443878174
2407,4795,113.398887634
2408,4796,93.6092758179
2409,4803,94.0914154053
2410,4805,95.7402954102
2411,4807,92.5102462769
2412,4809,93.8556518555
2413,4816,94.7265548706
2414,4817,79.5693283081
2415,4818,93.4629211426
2416,4820,95.0732269287
2417,4821,103.249313354
2418,4823,113.202026367
2419,4824,95.1903152466
2420,4825,113.839271545
2421,4829,103.357833862
2422,4830,95.7073287964
2423,4831,114.433738708
2424,4833,106.253364563
2425,4836,95.1547088623
2426,4837,113.073600769
2427,4838,93.3636169434
2428,4840,94.9258041382
2429,4841,79.1468734741
2430,4842,93.3486099243
2431,4843,112.279563904
2432,4844,93.2065658569
2433,4849,105.842704773
2434,4851,103.468513489
2435,4852,93.7437057495
2436,4858,94.3405380249
2437,4860,95.7073287964
2438,4863,113.506278992
2439,4864,96.3824005127
2440,4865,112.949623108
2441,4867,113.142654419
2442,4868,93.4721298218
2443,4869,113.337524414
2444,4873,93.614730835
2445,4875,95.6365127563
2446,4876,112.616851807
2447,4877,94.2647628784
2448,4878,112.327682495
2449,4880,78.9239196777
2450,4886,115.78225708
2451,4888,103.983055115
2452,4889,95.2484283447
2453,4890,114.194694519
2454,4893,94.3677978516
2455,4895,94.8277740479
2456,4896,105.433303833
2457,4899,94.2142333984
2458,4901,93.6605606079
2459,4902,113.508361816
2460,4903,95.3246078491
2461,4904,113.033592224
2462,4910,93.4366760254
2463,4912,93.83568573
2464,4915,95.7778320312
2465,4916,103.508308411
2466,4917,94.1424789429
2467,4920,105.456367493
2468,4927,104.207191467
2469,4928,94.3754425049
2470,4931,104.238548279
2471,4934,92.6437606812
2472,4936,95.0697555542
2473,4939,113.447677612
2474,4942,113.716888428
2475,4943,95.7073287964
2476,4944,103.991928101
2477,4945,94.9085845947
2478,4947,112.327682495
2479,4948,94.3595352173
2480,4951,94.2776870728
2481,4952,113.033592224
2482,4953,94.2166519165
2483,4956,95.3246078491
2484,4957,114.697364807
2485,4958,93.2803421021
2486,4960,94.8309555054
2487,4968,94.2992172241
2488,4969,105.400497437
2489,4971,103.422645569
2490,4973,113.180603027
2491,4975,113.681732178
2492,4976,96.0359954834
2493,4978,94.0355606079
2494,4979,113.382225037
2495,4982,95.6129226685
2496,4983,111.05229187
2497,4984,96.5677871704
2498,4985,117.810546875
2499,4986,93.6817855835
2500,4987,112.629997253
2501,4988,94.7605743408
2502,4994,95.0560379028
2503,4995,95.6673202515
2504,5002,79.2881164551
2505,5004,93.5731201172
2506,5005,103.218185425
2507,5006,95.3529663086
2508,5007,102.846977234
2509,5009,113.854766846
2510,5011,113.180603027
2511,5014,94.2116699219
2512,5015,103.052581787
2513,5018,93.8772964478
2514,5019,113.313568115
2515,5020,92.8585586548
2516,5021,111.035560608
2517,5022,94.2328491211
2518,5023,94.3978652954
2519,5025,95.7073287964
2520,5032,94.4085159302
2521,5034,93.8143615723
2522,5036,93.2904281616
2523,5038,95.5307617188
2524,5039,114.10383606
2525,5046,94.8908843994
2526,5049,113.313568115
2527,5051,94.4976348877
2528,5052,92.8432312012
2529,5053,113.073600769
2530,5054,95.7073287964
2531,5055,94.9594268799
2532,5057,94.1289978027
2533,5059,94.0248413086
2534,5062,96.7873306274
2535,5063,113.423049927
2536,5065,111.051246643
2537,5069,93.7887573242
2538,5071,95.8641738892
2539,5074,113.798110962
2540,5075,93.3356781006
2541,5076,112.749916077
2542,5077,78.9239196777
2543,5079,102.886756897
2544,5080,95.6532363892
2545,5081,113.180603027
2546,5083,103.350128174
2547,5088,104.955711365
2548,5089,94.0397033691
2549,5093,111.189826965
2550,5094,104.25390625
2551,5095,93.6873779297
2552,5099,111.713127136
2553,5101,113.199432373
2554,5103,102.827857971
2555,5104,92.4946670532
2556,5105,111.265548706
2557,5107,94.908164978
2558,5108,114.571250916
2559,5109,93.9898910522
2560,5111,95.4909362793
2561,5112,112.327682495
2562,5113,94.5280990601
2563,5114,110.829582214
2564,5115,94.8176345825
2565,5118,95.6566696167
2566,5122,95.7073287964
2567,5123,78.2666549683
2568,5125,94.2607421875
2569,5127,103.545578003
2570,5128,94.8757705688
2571,5129,116.894264221
2572,5132,95.3529663086
2573,5134,113.305046082
2574,5135,94.2607421875
2575,5137,113.19519043
2576,5142,94.2880706787
2577,5143,104.073394775
2578,5144,94.8421401978
2579,5148,93.1248779297
2580,5149,93.2319030762
2581,5150,104.909835815
2582,5154,78.9239196777
2583,5155,93.4009628296
2584,5159,93.6851959229
2585,5164,93.703956604
2586,5165,117.247253418
2587,5166,94.0660247803
2588,5167,113.57585907
2589,5169,93.6786346436
2590,5171,93.0983581543
2591,5172,113.178962708
2592,5176,93.7350463867
2593,5184,113.360267639
2594,5185,93.0120010376
2595,5186,113.365280151
2596,5188,104.870506287
2597,5189,112.616851807
2598,5190,93.2598190308
2599,5191,117.247253418
2600,5193,113.178962708
2601,5196,93.4052276611
2602,5199,79.0923690796
2603,5200,103.992477417
2604,5203,93.3151779175
2605,5204,113.100448608
2606,5205,93.1239700317
2607,5207,94.8468322754
2608,5208,110.128807068
2609,5212,94.3426818848
2610,5214,93.9465255737
2611,5218,93.5624389648
2612,5220,95.0553436279
2613,5222,93.6487426758
2614,5224,95.811340332
2615,5225,105.456367493
2616,5227,112.600196838
2617,5229,104.945022583
2618,5232,93.5721511841
2619,5233,118.467979431
2620,5234,104.168052673
2621,5237,113.140594482
2622,5239,113.805351257
2623,5240,93.5417785645
2624,5241,113.313568115
2625,5244,93.5577392578
2626,5248,113.843063354
2627,5251,93.4975509644
2628,5253,94.1690063477
2629,5255,94.6487503052
2630,5256,102.61592865
2631,5257,94.7866973877
2632,5259,95.7001953125
2633,5260,110.956954956
2634,5266,94.9163818359
2635,5268,95.2541351318
2636,5275,113.180603027
2637,5276,112.571372986
2638,5277,95.9754943848
2639,5279,94.6718139648
2640,5280,104.958778381
2641,5281,95.2467498779
2642,5283,96.2334442139
2643,5284,78.5607223511
2644,5285,95.6673202515
2645,5286,104.066993713
2646,5287,94.936958313
2647,5289,95.1147003174
2648,5290,113.178962708
2649,5292,106.617172241
2650,5293,95.6532363892
2651,5294,103.659095764
2652,5297,93.7438735962
2653,5299,105.717414856
2654,5302,94.0942993164
2655,5305,78.912147522
2656,5306,94.6487503052
2657,5308,94.2044296265
2658,5309,94.9585952759
2659,5310,113.73576355
2660,5312,112.919418335
2661,5316,113.065559387
2662,5317,95.7658920288
2663,5319,79.3750228882
2664,5320,95.7073287964
2665,5323,92.673324585
2666,5329,113.389259338
2667,5331,112.36769104
2668,5334,112.356430054
2669,5336,113.178962708
2670,5338,105.314598083
2671,5341,93.9736099243
2672,5345,95.9091644287
2673,5348,95.2941436768
2674,5349,113.582023621
2675,5355,104.303588867
2676,5356,94.1848983765
2677,5360,104.023590088
2678,5362,112.063972473
2679,5364,113.112426758
2680,5366,104.446533203
2681,5367,94.9639358521
2682,5368,94.8128204346
2683,5370,94.2428894043
2684,5371,78.9239196777
2685,5373,103.42149353
2686,5375,113.140594482
2687,5376,93.3151321411
2688,5378,113.112426758
2689,5379,94.5626907349
2690,5383,94.1695632935
2691,5384,103.409873962
2692,5389,113.563362122
2693,5391,78.9783401489
2694,5393,113.456344604
2695,5395,114.003204346
2696,5397,113.648208618
2697,5398,93.8348236084
2698,5399,113.277496338
2699,5401,117.934158325
2700,5402,94.0310134888
2701,5403,113.590492249
2702,5404,95.5215454102
2703,5407,79.3113098145
2704,5408,94.5180740356
2705,5413,112.329490662
2706,5414,94.4710922241
2707,5417,94.919418335
2708,5418,106.617172241
2709,5420,113.783279419
2710,5421,93.1578826904
2711,5424,93.4566116333
2712,5425,113.100448608
2713,5426,94.128036499
2714,5429,113.78237915
2715,5431,94.5027542114
2716,5437,103.009529114
2717,5440,93.5720214844
2718,5444,103.898902893
2719,5446,103.547065735
2720,5447,94.4934387207
2721,5451,94.9404754639
2722,5452,112.394966125
2723,5455,104.168052673
2724,5456,94.5306243896
2725,5458,94.074836731
2726,5459,112.239189148
2727,5460,94.7667770386
2728,5462,95.1228027344
2729,5463,112.85887146
2730,5464,93.5816268921
2731,5465,115.447677612
2732,5466,95.8641738892
2733,5467,104.207191467
2734,5468,94.250541687
2735,5469,113.725135803
2736,5472,94.251411438
2737,5474,92.9002456665
2738,5475,111.503639221
2739,5476,95.6673202515
2740,5479,104.945022583
2741,5480,113.180603027
2742,5482,112.793182373
2743,5485,96.3824005127
2744,5486,118.321594238
2745,5488,79.3749771118
2746,5495,104.945022583
2747,5496,94.5626907349
2748,5497,111.980278015
2749,5499,112.337150574
2750,5503,93.4767532349
2751,5504,94.5698318481
2752,5507,95.7073287964
2753,5509,94.1447677612
2754,5511,94.5239181519
2755,5512,112.767608643
2756,5516,113.007026672
2757,5517,96.2931213379
2758,5518,104.697250366
2759,5521,94.3018722534
2760,5522,108.118453979
2761,5527,95.6973648071
2762,5528,94.9292373657
2763,5529,112.450042725
2764,5532,94.3818664551
2765,5533,111.344306946
2766,5535,103.302955627
2767,5536,103.953651428
2768,5540,94.7432022095
2769,5547,93.9705276489
2770,5548,113.232078552
2771,5550,78.7904281616
2772,5551,94.1809844971
2773,5554,113.289535522
2774,5555,94.1793899536
2775,5559,112.955337524
2776,5560,95.0268173218
2777,5561,112.684562683
2778,5562,93.2712783813
2779,5563,112.525047302
2780,5565,79.9103851318
2781,5566,94.3508071899
2782,5567,104.071739197
2783,5568,95.1128387451
2784,5572,94.9559936523
2785,5574,94.5137939453
2786,5576,93.3632888794
2787,5579,113.317474365
2788,5580,77.8045883179
2789,5581,95.3302307129
2790,5583,95.2158126831
2791,5584,112.312271118
2792,5586,113.070068359
2793,5587,93.3382263184
2794,5589,103.227165222
2795,5591,102.428497314
2796,5592,94.2086334229
2797,5593,112.200752258
2798,5594,95.5168914795
2799,5595,79.3071060181
2800,5596,112.940032959
2801,5597,112.392662048
2802,5598,116.682350159
2803,5599,94.7417755127
2804,5602,113.749679565
2805,5603,95.5168914795
2806,5605,93.4128875732
2807,5607,93.9696884155
2808,5608,112.60105896
2809,5609,94.0585861206
2810,5610,94.5013885498
2811,5612,94.5534362793
2812,5613,112.450042725
2813,5614,95.4291687012
2814,5616,94.1622161865
2815,5621,95.1323318481
2816,5623,93.1412658691
2817,5628,112.496429443
2818,5629,94.1912155151
2819,5631,94.4570846558
2820,5633,107.303634644
2821,5638,104.680305481
2822,5639,93.9576263428
2823,5640,104.030883789
2824,5645,94.8481369019
2825,5646,79.1279373169
2826,5649,94.4384918213
2827,5653,112.860641479
2828,5655,113.672462463
2829,5656,94.1652984619
2830,5658,94.2788085938
2831,5662,118.188026428
2832,5663,94.4141235352
2833,5667,95.3816375732
2834,5670,94.7417755127
2835,5671,103.187156677
2836,5672,93.7544174194
2837,5673,103.580314636
2838,5674,94.0912475586
2839,5675,102.672492981
2840,5676,95.2261657715
2841,5679,112.940032959
2842,5683,112.536598206
2843,5687,95.5168914795
2844,5688,78.6393585205
2845,5690,94.0890045166
2846,5691,113.157073975
2847,5692,93.5586166382
2848,5693,112.298522949
2849,5694,94.8883361816
2850,5697,112.702888489
2851,5698,94.2430801392
2852,5699,112.940032959
2853,5704,94.7265090942
2854,5707,112.940032959
2855,5709,104.755317688
2856,5710,93.9667129517
2857,5714,94.6168212891
2858,5718,94.2766342163
2859,5721,94.9029464722
2860,5723,95.2071075439
2861,5724,110.884437561
2862,5725,94.0021972656
2863,5726,111.3335495
2864,5729,95.5405197144
2865,5730,104.697250366
2866,5731,94.6865005493
2867,5733,78.1636123657
2868,5736,93.6176528931
2869,5741,102.705459595
2870,5745,113.146759033
2871,5747,94.5207595825
2872,5748,104.815032959
2873,5750,113.173301697
2874,5751,93.542640686
2875,5752,94.3638153076
2876,5754,94.1409759521
2877,5755,94.5615081787
2878,5757,95.3918914795
2879,5758,118.583183289
2880,5760,103.136360168
2881,5762,102.811134338
2882,5766,112.676055908
2883,5768,95.5405197144
2884,5769,118.334411621
2885,5770,94.9158401489
2886,5771,112.752609253
2887,5772,93.5689697266
2888,5773,111.47946167
2889,5774,95.2483139038
2890,5776,93.6593551636
2891,5777,112.940032959
2892,5778,94.6699752808
2893,5780,113.97026825
2894,5782,93.8210754395
2895,5783,76.5352706909
2896,5784,95.5405197144
2897,5786,94.1343917847
2898,5788,94.726524353
2899,5789,113.222450256
2900,5790,94.9638366699
2901,5791,104.778213501
2902,5793,105.788909912
2903,5794,94.8664093018
2904,5796,117.643737793
2905,5797,94.0005264282
2906,5801,94.6150054932
2907,5803,95.5168914795
2908,5804,113.638381958
2909,5805,94.5534362793
2910,5806,78.7571105957
2911,5808,113.232078552
2912,5813,94.7265090942
2913,5815,95.4530410767
2914,5816,104.734764099
2915,5822,95.0189208984
2916,5823,113.047035217
2917,5825,105.317306519
2918,5827,112.635879517
2919,5829,103.301635742
2920,5830,94.0695724487
2921,5831,112.282920837
2922,5832,95.4691772461
2923,5833,113.232078552
2924,5837,112.248451233
2925,5838,93.692024231
2926,5839,94.4894943237
2927,5842,104.030883789
2928,5844,112.368637085
2929,5845,104.766700745
2930,5846,113.580123901
2931,5848,78.7801742554
2932,5850,113.920005798
2933,5851,94.0345611572
2934,5853,95.5405197144
2935,5854,104.051269531
2936,5858,104.030883789
2937,5860,112.923789978
2938,5864,103.61668396
2939,5866,95.6295928955
2940,5867,112.940032959
2941,5868,94.0173034668
2942,5869,113.311820984
2943,5870,95.1758041382
2944,5871,113.049964905
2945,5874,117.080444336
2946,5876,112.808868408
2947,5877,93.9787902832
2948,5878,95.1840438843
2949,5879,113.146759033
2950,5880,93.2144851685
2951,5884,94.2831039429
2952,5886,112.933639526
2953,5890,102.826393127
2954,5896,94.4093475342
2955,5897,102.859664917
2956,5898,95.5405197144
2957,5901,103.438209534
2958,5903,112.940032959
2959,5906,94.5013885498
2960,5908,113.047035217
2961,5909,93.8264846802
2962,5910,112.450042725
2963,5911,94.7265090942
2964,5912,112.945617676
2965,5914,117.080444336
2966,5919,113.047035217
2967,5924,95.7239608765
2968,5926,94.466758728
2969,5929,105.258926392
2970,5930,94.0169677734
2971,5932,95.5734863281
2972,5933,114.028610229
2973,5934,94.3209228516
2974,5935,111.719017029
2975,5936,94.1214599609
2976,5937,114.172958374
2977,5938,94.8151702881
2978,5939,111.530418396
2979,5942,111.556228638
2980,5943,94.1672821045
2981,5944,104.214614868
2982,5946,112.900024414
2983,5951,93.5586166382
2984,5953,102.748168945
2985,5954,94.7265090942
2986,5957,104.503334045
2987,5961,93.6711807251
2988,5962,104.549110413
2989,5964,79.6301116943
2990,5965,93.9804000854
2991,5968,116.886535645
2992,5969,94.0270004272
2993,5974,94.5013885498
2994,5975,112.319702148
2995,5978,78.9800643921
2996,5981,104.503334045
2997,5982,93.9694519043
2998,5983,112.401603699
2999,5989,112.922386169
3000,5991,93.9667129517
3001,5992,103.979644775
3002,5995,94.134552002
3003,5996,103.044136047
3004,5997,111.503326416
3005,5998,94.341293335
3006,5999,79.4479064941
3007,6001,112.255348206
3008,6002,93.7119064331
3009,6003,111.370132446
3010,6004,94.7265090942
3011,6006,112.751701355
3012,6007,93.1173553467
3013,6011,103.720840454
3014,6012,103.6121521
3015,6014,94.7265090942
3016,6015,104.145042419
3017,6016,95.0799407959
3018,6017,112.223999023
3019,6018,95.5405197144
3020,6024,95.2261657715
3021,6025,107.334457397
3022,6026,111.621246338
3023,6028,113.565872192
3024,6029,79.2501754761
3025,6030,95.5712051392
3026,6036,116.886535645
3027,6040,94.5534362793
3028,6041,112.369102478
3029,6042,94.7287139893
3030,6044,94.9158401489
3031,6045,104.58429718
3032,6047,107.924530029
3033,6048,94.1990203857
3034,6049,111.979232788
3035,6051,116.682350159
3036,6052,112.373970032
3037,6053,93.383354187
3038,6054,113.132156372
3039,6058,104.05027771
3040,6059,94.4733200073
3041,6062,95.5405197144
3042,6063,117.643737793
3043,6064,104.558769226
3044,6065,94.5534362793
3045,6067,95.345451355
3046,6068,112.818244934
3047,6070,103.461288452
3048,6071,104.388923645
3049,6072,112.739715576
3050,6080,112.739715576
3051,6081,93.519241333
3052,6084,104.549110413
3053,6087,94.6015167236
3054,6089,106.56048584
3055,6092,112.739715576
3056,6094,94.6168212891
3057,6095,112.746109009
3058,6097,112.103988647
3059,6100,93.7587432861
3060,6104,105.451774597
3061,6105,94.2086334229
3062,6106,112.773040771
3063,6107,78.3248291016
3064,6108,95.2608184814
3065,6109,112.739715576
3066,6110,93.2354736328
3067,6114,112.739715576
3068,6116,92.253364563
3069,6117,103.58065033
3070,6118,94.342918396
3071,6123,78.8115310669
3072,6125,112.746109009
3073,6128,112.001800537
3074,6130,104.308074951
3075,6132,112.546318054
3076,6137,79.0114212036
3077,6139,113.874694824
3078,6140,95.3547363281
3079,6141,112.103988647
3080,6142,103.61554718
3081,6144,118.283210754
3082,6145,95.3758010864
3083,6146,93.5151977539
3084,6149,94.2263946533
3085,6156,98.7746887207
3086,6159,111.621246338
3087,6160,95.3547363281
3088,6162,103.928199768
3089,6164,112.750778198
3090,6165,93.6291885376
3091,6168,78.771522522
3092,6169,113.038162231
3093,6170,95.1664505005
3094,6171,113.147605896
3095,6172,93.4489517212
3096,6173,113.121482849
3097,6176,95.5405197144
3098,6177,93.8275222778
3099,6178,94.8818054199
3100,6180,94.8368682861
3101,6181,104.598052979
3102,6182,95.8144683838
3103,6185,94.367729187
3104,6186,113.085411072
3105,6188,112.789283752
3106,6189,95.5759963989
3107,6192,104.549110413
3108,6193,94.135925293
3109,6194,104.58429718
3110,6195,94.8327178955
3111,6196,116.775947571
3112,6197,93.8042678833
3113,6201,112.596206665
3114,6202,94.5013885498
3115,6203,113.055938721
3116,6204,94.2086334229
3117,6207,118.211090088
3118,6209,95.4461135864
3119,6210,93.2857055664
3120,6211,114.313102722
3121,6213,113.145545959
3122,6216,93.4489517212
3123,6217,93.7160720825
3124,6219,94.5534362793
3125,6222,79.3448638916
3126,6223,94.4580154419
3127,6235,95.5405197144
3128,6240,94.5076522827
3129,6242,94.538520813
3130,6247,94.0912475586
3131,6251,113.512237549
3132,6254,113.52179718
3133,6255,95.5310974121
3134,6260,103.139579773
3135,6261,94.7265090942
3136,6262,103.733734131
3137,6264,113.465896606
3138,6269,103.273414612
3139,6271,104.415565491
3140,6275,112.614151001
3141,6276,95.8184356689
3142,6278,93.8854141235
3143,6279,112.952842712
3144,6281,113.949485779
3145,6284,94.9348144531
3146,6286,94.9434661865
3147,6287,78.1239624023
3148,6288,94.0708694458
3149,6292,93.7394638062
3150,6293,94.2086334229
3151,6295,90.9875564575
3152,6298,112.751701355
3153,6300,112.140869141
3154,6304,104.598052979
3155,6308,112.71169281
3156,6310,94.6865158081
3157,6312,112.739715576
3158,6320,94.6865005493
3159,6324,94.5168304443
3160,6325,113.240646362
3161,6330,95.4870758057
3162,6336,110.875221252
3163,6340,103.876449585
3164,6341,95.5405197144
3165,6342,103.367401123
3166,6344,94.8958740234
3167,6345,113.545143127
3168,6347,113.038162231
3169,6348,95.9340896606
3170,6349,112.751701355
3171,6351,78.7571105957
3172,6353,113.049217224
3173,6354,94.2086334229
3174,6357,94.5384750366
3175,6358,105.511657715
3176,6360,103.806968689
3177,6363,112.496429443
3178,6364,93.4233627319
3179,6368,109.382339478
3180,6370,92.6616439819
3181,6371,92.425163269
3182,6377,93.3472671509
3183,6379,91.8606719971
3184,6381,93.5392837524
3185,6382,77.8265533447
3186,6383,111.500038147
3187,6388,126.971755981
3188,6390,110.905509949
3189,6392,101.671310425
3190,6393,93.564453125
3191,6395,93.0968856812
3192,6398,103.201515198
3193,6401,77.8265533447
3194,6402,92.5518341064
3195,6403,111.000228882
3196,6405,93.2779312134
3197,6406,92.1621932983
3198,6407,111.843032837
3199,6409,103.363471985
3200,6411,91.0406188965
3201,6413,92.921081543
3202,6416,103.915092468
3203,6417,92.4964828491
3204,6418,93.4803543091
3205,6419,117.160621643
3206,6420,110.59046936
3207,6426,111.164596558
3208,6429,92.6944046021
3209,6430,92.9000015259
3210,6431,111.000228882
3211,6432,93.7106552124
3212,6434,93.7146682739
3213,6437,111.888130188
3214,6438,92.9480056763
3215,6439,103.016029358
3216,6440,92.8954162598
3217,6441,93.0762481689
3218,6442,111.149307251
3219,6443,95.0830688477
3220,6445,92.7636032104
3221,6448,111.950035095
3222,6450,110.991363525
3223,6453,93.3745040894
3224,6455,92.0686645508
3225,6457,92.9037399292
3226,6458,113.207183838
3227,6461,93.0484771729
3228,6464,111.34740448
3229,6467,92.3341293335
3230,6469,93.8174972534
3231,6470,77.8680953979
3232,6471,93.4748687744
3233,6473,103.016029358
3234,6474,92.9230651855
3235,6479,92.9612350464
3236,6481,92.7757873535
3237,6484,110.995620728
3238,6495,94.3044204712
3239,6496,117.475036621
3240,6505,110.963813782
3241,6506,95.5552825928
3242,6508,93.6606521606
3243,6509,93.0508880615
3244,6510,103.046173096
3245,6512,103.026916504
3246,6513,92.8989181519
3247,6514,111.475387573
3248,6515,93.5088195801
3249,6519,94.7201461792
3250,6521,92.5232162476
3251,6523,77.868522644
3252,6525,102.642776489
3253,6526,93.2603378296
3254,6528,93.0268859863
3255,6529,112.067939758
3256,6531,102.442565918
3257,6533,103.072692871
3258,6534,93.0994720459
3259,6535,111.843032837
3260,6536,92.2086181641
3261,6537,112.92301178
3262,6540,93.0332641602
3263,6541,111.500038147
3264,6547,93.2355651855
3265,6548,112.539260864
3266,6551,112.843429565
3267,6553,111.388320923
3268,6555,103.072692871
3269,6556,93.6606521606
3270,6561,77.319442749
3271,6564,92.5659637451
3272,6565,111.843032837
3273,6568,92.5872650146
3274,6569,111.149307251
3275,6573,103.224113464
3276,6574,93.0484771729
3277,6577,111.872688293
3278,6579,112.225067139
3279,6581,92.2298355103
3280,6582,111.000228882
3281,6585,105.164512634
3282,6586,93.5921173096
3283,6589,102.381599426
3284,6590,78.4914474487
3285,6593,92.115272522
3286,6594,111.144737244
3287,6595,92.9018630981
3288,6599,91.0345001221
3289,6600,93.7664413452
3290,6601,110.360809326
3291,6602,91.939704895
3292,6603,111.950035095
3293,6604,93.3388595581
3294,6607,102.695449829
3295,6608,106.390983582
3296,6609,93.0761260986
3297,6611,91.6029891968
3298,6613,111.149307251
3299,6614,93.2779312134
3300,6616,93.1080322266
3301,6617,111.149307251
3302,6618,92.8989181519
3303,6619,100.76915741
3304,6621,103.072692871
3305,6627,106.087974548
3306,6629,111.944213867
3307,6631,77.8496170044
3308,6634,93.1368942261
3309,6636,92.8989181519
3310,6638,92.5872650146
3311,6639,111.149307251
3312,6641,111.950035095
3313,6642,93.8227462769
3314,6651,114.718719482
3315,6654,78.0968093872
3316,6657,92.5681915283
3317,6663,92.3860015869
3318,6665,111.052848816
3319,6666,93.7673034668
3320,6668,92.8989181519
3321,6669,103.072692871
3322,6670,92.4442062378
3323,6671,93.4807891846
3324,6673,92.9396057129
3325,6675,92.8880615234
3326,6676,77.8265533447
3327,6677,92.8980178833
3328,6679,93.3153076172
3329,6680,111.378349304
3330,6681,103.046173096
3331,6685,103.046173096
3332,6688,93.7913360596
3333,6689,92.9018630981
3334,6690,110.648460388
3335,6692,111.149307251
3336,6693,93.6757888794
3337,6694,92.8828582764
3338,6698,117.183685303
3339,6699,92.8899230957
3340,6700,110.237480164
3341,6701,92.9037399292
3342,6702,110.601356506
3343,6704,92.9018630981
3344,6707,110.583198547
3345,6712,111.950035095
3346,6713,94.2608108521
3347,6715,91.9209365845
3348,6721,110.679954529
3349,6722,93.2888565063
3350,6723,113.202262878
3351,6724,92.9754333496
3352,6725,117.160621643
3353,6731,112.124771118
3354,6735,78.2150650024
3355,6736,91.9209365845
3356,6737,111.330612183
3357,6738,93.319984436
3358,6739,102.395294189
3359,6741,102.071594238
3360,6743,92.5446014404
3361,6745,92.8989181519
3362,6747,111.797302246
3363,6749,92.4861450195
3364,6750,102.729400635
3365,6751,118.022361755
3366,6752,94.1554946899
3367,6753,111.149307251
3368,6755,111.337768555
3369,6756,92.2663192749
3370,6757,102.975471497
3371,6759,111.508026123
3372,6761,93.4822692871
3373,6763,93.4748687744
3374,6764,117.537841797
3375,6765,95.0464248657
3376,6766,110.699737549
3377,6768,111.213577271
3378,6771,92.9018630981
3379,6773,92.8124008179
3380,6774,92.5700531006
3381,6778,102.756706238
3382,6779,91.611656189
3383,6781,91.1109085083
3384,6784,93.4711456299
3385,6786,92.4819869995
3386,6787,111.526657104
3387,6790,90.6092681885
3388,6793,103.063995361
3389,6795,111.149307251
3390,6798,111.445022583
3391,6806,103.679016113
3392,6807,91.8834533691
3393,6810,92.6398010254
3394,6815,109.774291992
3395,6816,92.4954452515
3396,6817,101.417381287
3397,6818,93.2066802979
3398,6819,103.363471985
3399,6820,92.0918960571
3400,6822,93.7992324829
3401,6823,115.131950378
3402,6824,111.500038147
3403,6825,93.9575500488
3404,6828,78.3235397339
3405,6829,112.459114075
3406,6831,109.409629822
3407,6832,91.9533920288
3408,6833,112.709350586
3409,6834,93.4748687744
3410,6836,96.0061569214
3411,6837,111.950035095
3412,6838,92.863067627
3413,6840,101.393013
3414,6843,91.6384506226
3415,6845,91.7247390747
3416,6846,91.9313812256
3417,6847,112.709350586
3418,6851,113.756103516
3419,6852,92.3651351929
3420,6853,113.559715271
3421,6858,93.4571685791
3422,6861,111.732368469
3423,6863,110.360809326
3424,6864,78.1825866699
3425,6865,93.5731735229
3426,6866,111.950035095
3427,6867,93.7835464478
3428,6868,102.332252502
3429,6869,92.8742523193
3430,6870,111.500038147
3431,6874,109.8540802
3432,6875,93.9438476562
3433,6877,111.213577271
3434,6878,92.4331741333
3435,6880,92.425163269
3436,6883,110.158744812
3437,6884,93.7695770264
3438,6886,93.1682434082
3439,6890,92.722618103
3440,6893,109.611671448
3441,6894,91.8625411987
3442,6899,111.213577271
3443,6900,92.6616439819
3444,6904,92.9765930176
3445,6905,109.443107605
3446,6906,92.8823928833
3447,6910,91.8479232788
3448,6912,102.130706787
3449,6913,111.537902832
3450,6920,91.8401107788
3451,6922,92.602973938
3452,6923,111.149307251
3453,6926,92.4238052368
3454,6927,109.718002319
3455,6928,91.675819397
3456,6931,110.381164551
3457,6933,92.5466461182
3458,6936,93.4354476929
3459,6937,111.950035095
3460,6939,112.399337769
3461,6941,92.5446014404
3462,6942,112.266822815
3463,6943,93.2667160034
3464,6944,100.492912292
3465,6945,92.9084854126
3466,6946,111.363845825
3467,6947,116.053329468
3468,6949,103.505226135
3469,6951,103.505226135
3470,6953,111.053939819
3471,6954,92.681678772
3472,6955,112.662445068
3473,6963,110.678276062
3474,6964,92.4980773926
3475,6966,93.4829177856
3476,6968,91.8401107788
3477,6970,103.059928894
3478,6972,112.494468689
3479,6976,110.35017395
3480,6978,111.950035095
3481,6981,101.554153442
3482,6985,102.729400635
3483,6986,92.5232162476
3484,6987,111.912384033
3485,6989,111.905418396
3486,6991,115.131950378
3487,6993,112.217155457
3488,6994,93.1320724487
3489,6995,110.991516113
3490,6996,94.2868118286
3491,6997,112.325462341
3492,6998,78.8325195312
3493,7001,110.678276062
3494,7003,110.981498718
3495,7006,92.5992736816
3496,7008,103.291130066
3497,7010,91.3044433594
3498,7011,91.9786911011
3499,7012,112.047164917
3500,7013,92.9485397339
3501,7014,109.834373474
3502,7017,102.434967041
3503,7018,92.8989181519
3504,7019,91.5134887695
3505,7023,92.9418411255
3506,7024,101.677307129
3507,7025,92.3794555664
3508,7026,111.732368469
3509,7027,93.4771270752
3510,7028,113.372901917
3511,7030,111.149307251
3512,7031,92.3202590942
3513,7033,110.589485168
3514,7036,92.289680481
3515,7037,92.9608154297
3516,7039,92.7893371582
3517,7044,94.6369934082
3518,7045,111.950035095
3519,7046,96.9796600342
3520,7049,102.916694641
3521,7050,95.3491134644
3522,7051,103.059928894
3523,7054,109.434738159
3524,7055,93.6394729614
3525,7057,92.079498291
3526,7060,111.213577271
3527,7061,93.6606521606
3528,7063,90.8191452026
3529,7064,110.247703552
3530,7067,92.425163269
3531,7071,91.9805603027
3532,7074,102.333251953
3533,7075,92.8703689575
3534,7078,111.950035095
3535,7079,92.9018630981
3536,7080,111.907226562
3537,7081,93.7886886597
3538,7082,111.843032837
3539,7083,92.3431930542
3540,7085,111.422569275
3541,7092,103.363471985
3542,7094,92.920539856
3543,7100,92.6928405762
3544,7101,109.85105896
3545,7102,111.950035095
3546,7104,109.172973633
3547,7105,93.6606521606
3548,7106,91.8364334106
3549,7107,100.516296387
3550,7108,77.7318649292
3551,7109,92.5446166992
3552,7110,111.950035095
3553,7112,92.6045379639
3554,7113,103.046173096
3555,7114,92.3015899658
3556,7116,111.843032837
3557,7117,93.6606521606
3558,7118,102.629402161
3559,7120,92.5016708374
3560,7121,102.178642273
3561,7123,101.197715759
3562,7124,94.1758728027
3563,7127,104.139564514
3564,7131,101.197715759
3565,7132,93.2066802979
3566,7133,91.596206665
3567,7134,110.228469849
3568,7135,92.6494522095
3569,7136,111.607559204
3570,7137,92.2604064941
3571,7141,92.6921615601
3572,7144,103.363471985
3573,7147,110.175979614
3574,7148,92.8368835449
3575,7150,90.8285751343
3576,7151,92.5016708374
3577,7152,102.871551514
3578,7154,92.5522460938
3579,7156,93.5731735229
3580,7157,101.521224976
3581,7159,116.053329468
3582,7161,93.7870330811
3583,7163,92.9083404541
3584,7164,102.372772217
3585,7167,78.4143066406
3586,7169,101.746307373
3587,7170,93.015953064
3588,7173,93.0882492065
3589,7174,102.406295776
3590,7177,110.107757568
3591,7178,104.672927856
3592,7179,92.658203125
3593,7180,77.3630828857
3594,7181,111.414718628
3595,7182,92.8875961304
3596,7184,92.8989181519
3597,7185,112.325462341
3598,7186,91.0050048828
3599,7187,115.752365112
3600,7188,93.1080322266
3601,7189,110.869506836
3602,7191,102.333251953
3603,7193,110.64781189
3604,7197,94.5110168457
3605,7199,91.8656234741
3606,7200,111.843032837
3607,7201,92.6494522095
3608,7204,92.6385803223
3609,7207,110.275390625
3610,7209,110.360809326
3611,7210,92.8218231201
3612,7211,103.892028809
3613,7213,92.1305770874
3614,7214,112.325462341
3615,7216,111.888130188
3616,7217,93.8507995605
3617,7220,110.991516113
3618,7224,111.149307251
3619,7225,92.8875961304
3620,7226,111.888130188
3621,7227,92.7292327881
3622,7234,112.325462341
3623,7236,78.2952270508
3624,7239,103.348258972
3625,7240,93.4272994995
3626,7242,111.937080383
3627,7244,111.774238586
3628,7245,92.1839447021
3629,7247,110.62109375
3630,7248,92.9442443848
3631,7249,116.053329468
3632,7250,111.929718018
3633,7251,91.9365768433
3634,7252,112.747093201
3635,7253,78.1825866699
3636,7256,92.7930679321
3637,7260,93.4748687744
3638,7261,112.08430481
3639,7264,93.3830566406
3640,7269,110.313056946
3641,7270,93.864440918
3642,7273,111.213577271
3643,7279,91.179145813
3644,7281,111.414718628
3645,7284,93.0943374634
3646,7285,112.626327515
3647,7286,116.053329468
3648,7287,92.4657821655
3649,7289,92.8989181519
3650,7292,92.5001525879
3651,7293,111.950035095
3652,7296,91.104850769
3653,7297,111.33379364
3654,7298,92.5079498291
3655,7299,112.852806091
3656,7301,101.567718506
3657,7304,111.774238586
3658,7306,115.341011047
3659,7308,92.8989181519
3660,7309,101.446220398
3661,7312,92.5232162476
3662,7313,78.1825866699
3663,7314,93.5088195801
3664,7316,92.8120498657
3665,7319,112.214080811
3666,7321,92.6070861816
3667,7323,93.4843139648
3668,7324,101.917182922
3669,7325,92.921081543
3670,7328,102.777305603
3671,7330,78.2965545654
3672,7334,92.921081543
3673,7337,112.325462341
3674,7338,93.4092483521
3675,7339,92.6941986084
3676,7341,92.4344406128
3677,7342,111.888130188
3678,7344,111.606559753
3679,7345,112.36681366
3680,7347,110.64781189
3681,7349,111.414718628
3682,7350,95.1878051758
3683,7353,114.313461304
3684,7355,110.99747467
3685,7356,93.1733169556
3686,7357,114.59009552
3687,7358,93.0248641968
3688,7360,92.6475143433
3689,7363,102.689285278
3690,7364,93.4290008545
3691,7366,92.4507369995
3692,7368,92.9210510254
3693,7369,109.965202332
3694,7370,93.1560592651
3695,7373,92.9194030762
3696,7374,111.158889771
3697,7375,93.2603378296
3698,7377,92.9658203125
3699,7379,92.4992294312
3700,7380,117.537841797
3701,7382,114.278541565
3702,7383,93.7075958252
3703,7385,93.2345504761
3704,7386,103.049980164
3705,7391,92.968788147
3706,7394,106.628822327
3707,7396,111.929718018
3708,7397,92.3223648071
3709,7399,93.053062439
3710,7400,103.121025085
3711,7403,78.0648345947
3712,7405,111.614463806
3713,7408,111.680091858
3714,7414,110.360809326
3715,7416,103.059738159
3716,7417,92.303817749
3717,7419,92.9097061157
3718,7420,108.571762085
3719,7421,92.686378479
3720,7422,93.4290008545
3721,7423,102.993011475
3722,7425,78.4914474487
3723,7430,93.3922729492
3724,7432,92.7636032104
3725,7433,95.5628814697
3726,7434,110.809783936
3727,7436,109.019828796
3728,7437,92.3794555664
3729,7438,101.71836853
3730,7440,103.17325592
3731,7441,92.2940826416
3732,7442,111.968452454
3733,7445,111.970062256
3734,7446,102.99936676
3735,7448,110.542419434
3736,7450,103.424339294
3737,7451,92.8989181519
3738,7454,111.024627686
3739,7455,91.5843353271
3740,7457,112.419448853
3741,7459,102.99936676
3742,7462,92.4883117676
3743,7464,92.8989181519
3744,7465,111.052848816
3745,7466,92.5048294067
3746,7467,111.298576355
3747,7469,111.776054382
3748,7472,93.1320724487
3749,7473,111.149307251
3750,7479,92.921081543
3751,7480,103.505226135
3752,7484,110.963813782
3753,7491,92.7538528442
3754,7494,102.502937317
3755,7495,93.2603378296
3756,7501,92.8365936279
3757,7503,92.8124008179
3758,7504,103.046173096
3759,7505,93.3388595581
3760,7508,111.260162354
3761,7509,93.0341033936
3762,7510,78.1825866699
3763,7511,109.382339478
3764,7515,92.919418335
3765,7516,103.303764343
3766,7517,92.3104476929
3767,7518,103.319839478
3768,7519,92.7538528442
3769,7521,93.4351730347
3770,7522,102.333251953
3771,7524,102.858444214
3772,7526,102.109306335
3773,7527,92.9787521362
3774,7528,101.367767334
3775,7529,92.996421814
3776,7534,110.290100098
3777,7537,111.740592957
3778,7538,93.6425704956
3779,7540,92.6577224731
3780,7541,111.867927551
3781,7545,111.500038147
3782,7551,111.537902832
3783,7553,93.8143997192
3784,7554,101.270240784
3785,7555,93.7194061279
3786,7561,111.605163574
3787,7562,93.6394729614
3788,7564,91.9227218628
3789,7565,103.17325592
3790,7566,93.0276412964
3791,7567,111.826469421
3792,7569,101.909637451
3793,7570,93.0937271118
3794,7571,114.718719482
3795,7572,92.2610549927
3796,7574,103.144714355
3797,7578,111.482139587
3798,7579,93.2582931519
3799,7586,92.7093429565
3800,7587,78.3285675049
3801,7590,92.9000015259
3802,7593,111.149307251
3803,7594,93.4185256958
3804,7595,93.0276412964
3805,7600,92.3325576782
3806,7601,79.080368042
3807,7602,92.9037399292
3808,7603,112.617248535
3809,7604,92.3049087524
3810,7606,92.3161392212
3811,7608,111.652381897
3812,7613,77.8496170044
3813,7615,111.389274597
3814,7616,109.404273987
3815,7617,112.47959137
3816,7618,92.9787521362
3817,7619,103.059928894
3818,7622,96.6044616699
3819,7623,101.474609375
3820,7624,93.104385376
3821,7625,103.31350708
3822,7626,93.8143997192
3823,7627,102.341712952
3824,7628,78.1270523071
3825,7631,107.733634949
3826,7632,103.046173096
3827,7633,93.2524642944
3828,7634,114.29499054
3829,7635,93.0332641602
3830,7636,112.325462341
3831,7637,112.325462341
3832,7639,92.3094940186
3833,7640,77.8265533447
3834,7644,111.843032837
3835,7645,92.9037399292
3836,7648,104.146453857
3837,7649,91.9539871216
3838,7650,111.500038147
3839,7652,111.052848816
3840,7653,92.8155212402
3841,7655,93.9575500488
3842,7659,111.548149109
3843,7662,96.2352523804
3844,7664,92.5446014404
3845,7666,94.9878005981
3846,7668,92.9236526489
3847,7669,111.259559631
3848,7670,93.2231369019
3849,7672,92.2197952271
3850,7673,109.506187439
3851,7678,92.0235214233
3852,7679,78.3490219116
3853,7680,103.072692871
3854,7683,92.1644210815
3855,7685,116.053329468
3856,7688,92.8989181519
3857,7690,109.404273987
3858,7692,92.8378677368
3859,7693,93.4081268311
3860,7695,112.325462341
3861,7696,93.2118530273
3862,7698,93.8192214966
3863,7699,112.156494141
3864,7702,93.0601882935
3865,7703,111.888130188
3866,7704,90.4607925415
3867,7707,109.382339478
3868,7713,78.0064620972
3869,7715,102.524200439
3870,7717,111.367530823
3871,7718,93.4615707397
3872,7719,102.635543823
3873,7721,110.90058136
3874,7722,93.607208252
3875,7725,101.473014832
3876,7727,102.055076599
3877,7730,77.6405029297
3878,7733,92.8625259399
3879,7735,101.485282898
3880,7740,111.888130188
3881,7741,111.831253052
3882,7742,92.1538543701
3883,7744,111.780639648
3884,7747,93.2118530273
3885,7750,77.7054214478
3886,7752,113.384986877
3887,7754,114.240150452
3888,7756,107.273139954
3889,7757,93.4538497925
3890,7758,104.927207947
3891,7760,103.072692871
3892,7761,93.0045776367
3893,7763,111.053794861
3894,7765,92.921081543
3895,7767,112.325462341
3896,7768,95.9397354126
3897,7771,93.1183319092
3898,7773,91.7935409546
3899,7774,114.253135681
3900,7776,102.880607605
3901,7779,92.2455978394
3902,7783,90.7602767944
3903,7786,104.506210327
3904,7787,93.0573272705
3905,7789,91.9630813599
3906,7791,92.996421814
3907,7793,93.0913772583
3908,7794,111.822410583
3909,7795,92.5817871094
3910,7799,78.0194854736
3911,7800,111.045509338
3912,7802,93.6409759521
3913,7805,113.121582031
3914,7807,101.920455933
3915,7808,93.3866882324
3916,7811,103.505226135
3917,7817,109.404273987
3918,7818,103.046173096
3919,7819,92.8989181519
3920,7822,92.217666626
3921,7823,111.513298035
3922,7825,110.34161377
3923,7828,92.7904434204
3924,7832,93.4748687744
3925,7833,78.1776275635
3926,7834,111.928482056
3927,7835,92.8413009644
3928,7837,92.8614959717
3929,7840,91.0919265747
3930,7842,93.6926040649
3931,7843,109.98614502
3932,7844,92.8926010132
3933,7846,93.0045776367
3934,7850,93.6327667236
3935,7853,111.950035095
3936,7855,112.182128906
3937,7858,92.4550628662
3938,7863,111.291183472
3939,7865,111.950035095
3940,7866,91.9495544434
3941,7868,92.6456832886
3942,7869,112.027351379
3943,7871,78.2512054443
3944,7872,101.401901245
3945,7874,102.426559448
3946,7877,112.923622131
3947,7878,92.9037399292
3948,7879,110.127067566
3949,7881,92.8008956909
3950,7883,93.1853942871
3951,7885,102.55456543
3952,7886,93.8143997192
3953,7889,94.1758728027
3954,7890,103.142303467
3955,7891,92.5230331421
3956,7893,93.2137145996
3957,7894,100.702072144
3958,7896,111.500038147
3959,7898,101.702560425
3960,7901,92.7034606934
3961,7902,110.64781189
3962,7904,113.31072998
3963,7905,92.8821792603
3964,7906,113.477783203
3965,7909,92.8989181519
3966,7910,101.542297363
3967,7913,92.4858856201
3968,7918,110.841667175
3969,7919,92.6494522095
3970,7923,94.0140533447
3971,7925,92.4786071777
3972,7927,91.3957138062
3973,7930,92.5454330444
3974,7932,92.3408508301
3975,7933,92.8823928833
3976,7935,93.1539154053
3977,7939,103.079956055
3978,7942,92.3434753418
3979,7943,110.261734009
3980,7945,103.085609436
3981,7946,92.9210510254
3982,7948,93.2834014893
3983,7949,110.289611816
3984,7950,92.4161605835
3985,7951,112.325462341
3986,7955,102.460189819
3987,7959,93.4290008545
3988,7960,111.888130188
3989,7961,92.2780914307
3990,7962,102.825202942
3991,7964,102.341690063
3992,7965,92.987663269
3993,7966,111.843032837
3994,7967,102.363098145
3995,7968,93.7537994385
3996,7971,101.844329834
3997,7974,92.6494522095
3998,7976,109.770217896
3999,7978,111.866386414
4000,7982,111.888130188
4001,7983,92.8989181519
4002,7984,103.363471985
4003,7986,92.956817627
4004,7989,110.289611816
4005,7991,110.64781189
4006,7992,111.359512329
4007,7993,90.9561080933
4008,7994,111.950035095
4009,7995,93.4748687744
4010,7997,93.0802536011
4011,7998,103.363471985
4012,7999,109.404273987
4013,8002,93.5162200928
4014,8007,93.467956543
4015,8009,92.8392486572
4016,8011,93.0563278198
4017,8013,92.9325866699
4018,8015,102.903945923
4019,8017,112.71295166
4020,8019,116.053329468
4021,8023,92.0948944092
4022,8024,111.888130188
4023,8026,112.843429565
4024,8027,92.4571533203
4025,8029,92.9083404541
4026,8030,111.398490906
4027,8031,93.024520874
4028,8033,93.1465988159
4029,8035,92.6685333252
4030,8036,102.427742004
4031,8039,104.173576355
4032,8042,91.939704895
4033,8044,92.8155212402
4034,8046,78.371711731
4035,8048,112.982406616
4036,8049,92.8821792603
4037,8050,103.032234192
4038,8053,93.1732711792
4039,8054,93.2512512207
4040,8059,92.3810424805
4041,8061,92.384223938
4042,8062,111.739898682
4043,8064,111.213577271
4044,8066,102.201332092
4045,8067,93.1320724487
4046,8068,92.9564208984
4047,8070,92.7576293945
4048,8071,111.843032837
4049,8072,92.6574935913
4050,8076,91.7445602417
4051,8080,92.5176925659
4052,8081,111.906082153
4053,8084,102.299613953
4054,8087,112.153770447
4055,8089,92.035987854
4056,8090,117.537841797
4057,8091,103.505226135
4058,8094,114.133354187
4059,8100,92.2147979736
4060,8101,93.1827392578
4061,8110,93.2764434814
4062,8111,110.64781189
4063,8112,93.4439315796
4064,8115,110.986183167
4065,8116,92.4333114624
4066,8118,111.213577271
4067,8121,117.160621643
4068,8125,111.252052307
4069,8127,111.970062256
4070,8128,92.5023574829
4071,8129,110.64781189
4072,8131,92.7189712524
4073,8138,92.9787521362
4074,8139,101.984870911
4075,8140,92.3810424805
4076,8141,91.7935409546
4077,8142,110.934799194
4078,8143,111.521827698
4079,8145,112.843429565
4080,8146,93.7246170044
4081,8148,110.360809326
4082,8153,111.605163574
4083,8154,93.3209686279
4084,8155,110.644378662
4085,8161,93.2091293335
4086,8162,111.627883911
4087,8163,92.174407959
4088,8166,112.75617981
4089,8168,113.012153625
4090,8170,94.3922729492
4091,8172,112.379859924
4092,8173,94.4153366089
4093,8176,105.629394531
4094,8179,93.6283950806
4095,8181,94.9159851074
4096,8182,117.39881134
4097,8184,112.917976379
4098,8190,104.743026733
4099,8191,93.8130493164
4100,8194,113.047454834
4101,8196,112.294303894
4102,8198,113.346496582
4103,8199,113.007026672
4104,8201,112.167167664
4105,8202,92.3579788208
4106,8207,92.987663269
4107,8208,110.64781189
4108,8211,111.542762756
4109,8214,110.319786072
4110,8217,92.1134567261
4111,8218,111.528663635
4112,8222,92.7418746948
4113,8229,105.668838501
4114,8231,93.0332641602
4115,8233,94.834274292
4116,8236,92.2455978394
4117,8238,112.325462341
4118,8240,101.843658447
4119,8243,102.881385803
4120,8246,111.698104858
4121,8250,93.5133132935
4122,8254,93.607208252
4123,8256,77.5457000732
4124,8257,111.120498657
4125,8258,93.0703659058
4126,8260,92.8989181519
4127,8261,113.510002136
4128,8263,111.929946899
4129,8264,91.1882476807
4130,8267,110.015228271
4131,8268,92.4657821655
4132,8271,92.6067810059
4133,8272,110.64781189
4134,8275,95.5978393555
4135,8276,93.6708908081
4136,8277,106.296913147
4137,8278,116.235099792
4138,8279,92.6912918091
4139,8280,109.542800903
4140,8281,93.8143997192
4141,8282,110.957679749
4142,8287,111.703369141
4143,8288,92.6494522095
4144,8289,113.988967896
4145,8294,91.9443206787
4146,8296,91.9112854004
4147,8299,111.89453125
4148,8302,103.363471985
4149,8308,112.897209167
4150,8314,102.825202942
4151,8315,93.3538818359
4152,8316,111.280090332
4153,8317,93.1631393433
4154,8319,111.578575134
4155,8320,91.8866119385
4156,8321,117.342391968
4157,8323,92.8124008179
4158,8325,93.2707290649
4159,8326,112.02407074
4160,8328,110.64781189
4161,8330,111.425941467
4162,8331,93.2512512207
4163,8332,112.337165833
4164,8334,92.9787521362
4165,8338,92.2888870239
4166,8339,93.0372619629
4167,8341,91.4408569336
4168,8345,111.843032837
4169,8346,93.0761260986
4170,8347,102.825202942
4171,8349,93.298210144
4172,8351,93.2091293335
4173,8352,111.69519043
4174,8353,110.64781189
4175,8355,113.951507568
4176,8358,109.404273987
4177,8359,111.425941467
4178,8360,92.7835540771
4179,8361,111.706520081
4180,8363,102.98941803
4181,8364,92.658203125
4182,8365,93.5921173096
4183,8366,103.046173096
4184,8370,110.10785675
4185,8372,93.2137145996
4186,8376,93.4843139648
4187,8377,111.806930542
4188,8379,111.498764038
4189,8380,92.8823928833
4190,8381,112.123756409
4191,8386,91.2530212402
4192,8388,101.840553284
4193,8389,93.9779586792
4194,8391,111.800224304
4195,8394,93.607208252
4196,8396,102.367286682
4197,8398,102.302635193
4198,8400,113.642349243
4199,8401,92.5451431274
4200,8404,91.4408569336
4201,8407,93.4290008545
4202,8408,111.500038147
4203,8409,109.715866089
4204,8410,102.487007141
4205,8411,93.9243240356
4206,8413,92.1062164307
4207,8414,111.034622192
4208,8416,92.2661514282
